id,task,task_label,contestant,contestant_label,base,adjustment,points,rank,rigid,spread,scale,5+3,3+2,3½+2½
51,11,Unshackle yourself and sprint one metre,6,Romesh Ranganathan,4,,4,2,4.0,4.0,4.0,,,
52,11,Unshackle yourself and sprint one metre,7,Tim Key,2,,2,4,2.0,2.0,2.0,,,
53,12,The most meaningful item,3,Frank Skinner,4,,4,2,4.0,4.0,4.0,,,
54,12,The most meaningful item,4,Josh Widdicombe,2,,2,4,2.0,2.0,2.0,,,
55,12,The most meaningful item,5,Roisin Conaty,1,,1,5,1.0,1.0,1.0,,,
56,12,The most meaningful item,6,Romesh Ranganathan,5,,5,1,5.0,5.0,5.0,,,
57,12,The most meaningful item,7,Tim Key,3,,3,3,3.0,3.0,3.0,,,
58,13,Throw a teabag into a mug,3,Frank Skinner,4,,4,2,4.0,4.0,4.0,,,
59,13,Throw a teabag into a mug,4,Josh Widdicombe,,,0,,,,,,,
60,13,Throw a teabag into a mug,5,Roisin Conaty,2,,2,4,2.0,2.0,2.0,,,
61,13,Throw a teabag into a mug,6,Romesh Ranganathan,3,,3,3,3.0,3.0,3.0,,,
62,13,Throw a teabag into a mug,7,Tim Key,5,,5,1,5.0,5.0,5.0,,,
63,14,Draw an image using a GPS device,3,Frank Skinner,2,,2,4,2.0,2.0,2.0,,,
64,14,Draw an image using a GPS device,4,Josh Widdicombe,5,,5,1,5.0,5.0,5.0,,,
65,14,Draw an image using a GPS device,5,Roisin Conaty,1,,1,5,1.0,1.0,1.0,,,
66,14,Draw an image using a GPS device,6,Romesh Ranganathan,4,,4,2,4.0,4.0,4.0,,,
67,14,Draw an image using a GPS device,7,Tim Key,3,,3,3,3.0,3.0,3.0,,,
68,15,Buy a gift for the Taskmaster,3,Frank Skinner,3,,3,3,3.0,3.0,3.0,,,
69,15,Buy a gift for the Taskmaster,4,Josh Widdicombe,5,,5,1,5.0,5.0,5.0,,,
70,15,Buy a gift for the Taskmaster,5,Roisin Conaty,4,,4,2,4.0,4.0,4.0,,,
71,15,Buy a gift for the Taskmaster,6,Romesh Ranganathan,2,,2,4,2.0,2.0,2.0,,,
72,15,Buy a gift for the Taskmaster,7,Tim Key,1,,1,5,1.0,1.0,1.0,,,
73,16,Get an egg as high as possible,3,Frank Skinner,0,,0,,,,,,,
74,16,Get an egg as high as possible,4,Josh Widdicombe,5,,5,1,5.0,5.0,5.0,,,
75,16,Get an egg as high as possible,5,Roisin Conaty,0,,0,,,,,,,
76,16,Get an egg as high as possible,6,Romesh Ranganathan,4,,4,2,4.0,4.0,4.0,,,
77,16,Get an egg as high as possible,7,Tim Key,0,,0,,,,,,,
78,17,Stand up after 100 seconds,3,Frank Skinner,2,,2,4,2.0,2.0,1.88,,,
79,17,Stand up after 100 seconds,4,Josh Widdicombe,5,,5,1,5.0,5.0,4.69,,,
80,17,Stand up after 100 seconds,5,Roisin Conaty,1,,1,5,1.0,1.0,0.938,,,
81,17,Stand up after 100 seconds,6,Romesh Ranganathan,4,,4,2=,4.0,3.5,3.75,,,
82,17,Stand up after 100 seconds,7,Tim Key,4,,4,2=,4.0,3.5,3.75,,,
83,18,Guess Frank’s age in minutes,4,Josh Widdicombe,0,,0,,,,,,,
84,18,Guess Frank’s age in minutes,6,Romesh Ranganathan,0,,0,,,,,,,
85,19,The most beautiful item,3,Frank Skinner,3,,3,3,3.0,3.0,3.0,,,
86,19,The most beautiful item,4,Josh Widdicombe,4,,4,2,4.0,4.0,4.0,,,
87,19,The most beautiful item,5,Roisin Conaty,2,,2,4,2.0,2.0,2.0,,,
88,19,The most beautiful item,6,Romesh Ranganathan,1,,1,5,1.0,1.0,1.0,,,
89,19,The most beautiful item,7,Tim Key,5,,5,1,5.0,5.0,5.0,,,
90,20,Make a block of ice disappear,3,Frank Skinner,4,,4,2,4.0,4.0,4.0,,,
91,20,Make a block of ice disappear,4,Josh Widdicombe,5,,5,1,5.0,5.0,5.0,,,
92,20,Make a block of ice disappear,5,Roisin Conaty,3,,3,3,3.0,3.0,3.0,,,
93,20,Make a block of ice disappear,6,Romesh Ranganathan,2,,2,4,2.0,2.0,2.0,,,
94,20,Make a block of ice disappear,7,Tim Key,1,,1,5,1.0,1.0,1.0,,,
95,21,Count the baked beans,4,Josh Widdicombe,0,1,1,,,,,,,
96,22,Count the spaghetti hoops,4,Josh Widdicombe,0,,0,,,,,,,
97,23,Score 11 points,3,Frank Skinner,0,1,1,,,,,,,
98,23,Score 11 points,4,Josh Widdicombe,2,,2,1=,,,5.0,5.0,3.0,3.5
99,23,Score 11 points,5,Roisin Conaty,2,,2,1=,,,5.0,5.0,3.0,3.5
100,23,Score 11 points,6,Romesh Ranganathan,2,,2,1=,,,5.0,5.0,3.0,3.5
101,23,Score 11 points,7,Tim Key,0,1,1,,,,,,,
102,24,Fill an eggcup with tears,3,Frank Skinner,5,,5,1,5.0,5.0,5.0,,,
103,24,Fill an eggcup with tears,4,Josh Widdicombe,3,,3,3,3.0,3.0,3.0,,,
104,24,Fill an eggcup with tears,5,Roisin Conaty,1,,1,4=,2.0,1.5,1.0,,,
105,24,Fill an eggcup with tears,6,Romesh Ranganathan,4,,4,2,4.0,4.0,4.0,,,
106,24,Fill an eggcup with tears,7,Tim Key,1,,1,4=,2.0,1.5,1.0,,,
107,25,Count the grains of rice,4,Josh Widdicombe,0,,0,,,,,,,
108,26,Memorise an Australian Rules Football team,3,Frank Skinner,1,,1,1=,5.0,3.0,3.0,,,
109,26,Memorise an Australian Rules Football team,4,Josh Widdicombe,1,,1,1=,5.0,3.0,3.0,,,
110,26,Memorise an Australian Rules Football team,5,Roisin Conaty,1,,1,1=,5.0,3.0,3.0,,,
111,26,Memorise an Australian Rules Football team,6,Romesh Ranganathan,1,,1,1=,5.0,3.0,3.0,,,
112,26,Memorise an Australian Rules Football team,7,Tim Key,1,,1,1=,5.0,3.0,3.0,,,
113,27,The most valuable item,3,Frank Skinner,4,,4,2,4.0,4.0,4.0,,,
114,27,The most valuable item,4,Josh Widdicombe,5,,5,1,5.0,5.0,5.0,,,
115,27,The most valuable item,5,Roisin Conaty,1,,1,5,1.0,1.0,1.0,,,
116,27,The most valuable item,6,Romesh Ranganathan,3,,3,3,3.0,3.0,3.0,,,
117,27,The most valuable item,7,Tim Key,2,,2,4,2.0,2.0,2.0,,,
118,28,Move the boulder as far as possible,3,Frank Skinner,4,,4,2,4.0,4.0,4.0,,,
119,28,Move the boulder as far as possible,4,Josh Widdicombe,5,,5,1,5.0,5.0,5.0,,,
120,28,Move the boulder as far as possible,5,Roisin Conaty,1,,1,5,1.0,1.0,1.0,,,
121,28,Move the boulder as far as possible,6,Romesh Ranganathan,2,,2,4,2.0,2.0,2.0,,,
122,28,Move the boulder as far as possible,7,Tim Key,3,,3,3,3.0,3.0,3.0,,,
123,29,Grow the longest nail,3,Frank Skinner,3,,3,3,3.0,3.0,3.0,,,
124,29,Grow the longest nail,4,Josh Widdicombe,5,,5,1,5.0,5.0,5.0,,,
125,29,Grow the longest nail,5,Roisin Conaty,2,,2,4,2.0,2.0,2.0,,,
126,29,Grow the longest nail,6,Romesh Ranganathan,4,,4,2,4.0,4.0,4.0,,,
127,29,Grow the longest nail,7,Tim Key,1,,1,5,1.0,1.0,1.0,,,
128,30,Make a bed while holding hands,3,Frank Skinner,2,,2,1=,,,5.0,5.0,3.0,3.5
129,30,Make a bed while holding hands,4,Josh Widdicombe,0,,0,,,,,,,
130,30,Make a bed while holding hands,5,Roisin Conaty,0,,0,,,,,,,
131,30,Make a bed while holding hands,6,Romesh Ranganathan,0,,0,,,,,,,
132,30,Make a bed while holding hands,7,Tim Key,2,,2,1=,,,5.0,5.0,3.0,3.5
133,31,Make a Swedish person blush,3,Frank Skinner,3,,3,3,3.0,3.0,3.0,,,
134,31,Make a Swedish person blush,4,Josh Widdicombe,1,,1,5,1.0,1.0,1.0,,,
135,31,Make a Swedish person blush,5,Roisin Conaty,5,,5,1,5.0,5.0,5.0,,,
136,31,Make a Swedish person blush,6,Romesh Ranganathan,4,,4,2,4.0,4.0,4.0,,,
137,31,Make a Swedish person blush,7,Tim Key,2,,2,4,2.0,2.0,2.0,,,
138,32,Inflate the largest balloon while blindfolded,3,Frank Skinner,4,,4,2,4.0,4.0,4.0,,,
139,32,Inflate the largest balloon while blindfolded,4,Josh Widdicombe,2,,2,4,2.0,2.0,2.0,,,
140,32,Inflate the largest balloon while blindfolded,5,Roisin Conaty,5,,5,1,5.0,5.0,5.0,,,
141,32,Inflate the largest balloon while blindfolded,6,Romesh Ranganathan,3,,3,3,3.0,3.0,3.0,,,
142,32,Inflate the largest balloon while blindfolded,7,Tim Key,,,0,,,,,,,
143,33,The most satisfying item,3,Frank Skinner,2,,2,4,2.0,2.0,2.0,,,
144,33,The most satisfying item,4,Josh Widdicombe,4,,4,2,4.0,4.0,4.0,,,
145,33,The most satisfying item,5,Roisin Conaty,1,,1,5,1.0,1.0,1.0,,,
146,33,The most satisfying item,6,Romesh Ranganathan,3,,3,3,3.0,3.0,3.0,,,
147,33,The most satisfying item,7,Tim Key,5,,5,1,5.0,5.0,5.0,,,
148,34,Play mini golf with eggs,3,Frank Skinner,4,,4,2,4.0,4.0,4.0,,,
149,34,Play mini golf with eggs,4,Josh Widdicombe,2,,2,4,2.0,2.0,2.0,,,
150,34,Play mini golf with eggs,5,Roisin Conaty,5,,5,1,5.0,5.0,5.0,,,
151,34,Play mini golf with eggs,6,Romesh Ranganathan,1,,1,5,1.0,1.0,1.0,,,
152,34,Play mini golf with eggs,7,Tim Key,3,,3,3,3.0,3.0,3.0,,,
153,35,Stage a realistic home movie blooper,3,Frank Skinner,2,,2,1=,,,5.0,5.0,3.0,3.5
154,35,Stage a realistic home movie blooper,4,Josh Widdicombe,0,,0,,,,,,,
155,35,Stage a realistic home movie blooper,5,Roisin Conaty,0,,0,,,,,,,
156,35,Stage a realistic home movie blooper,6,Romesh Ranganathan,0,,0,,,,,,,
157,35,Stage a realistic home movie blooper,7,Tim Key,2,,2,1=,,,5.0,5.0,3.0,3.5
158,36,Make an alphabet meal,3,Frank Skinner,5,,5,1,5.0,5.0,5.0,,,
159,36,Make an alphabet meal,4,Josh Widdicombe,1,,1,4=,2.0,1.5,1.0,,,
160,36,Make an alphabet meal,5,Roisin Conaty,1,,1,4=,2.0,1.5,1.0,,,
161,36,Make an alphabet meal,6,Romesh Ranganathan,4,,4,2,4.0,4.0,4.0,,,
162,36,Make an alphabet meal,7,Tim Key,3,,3,3,3.0,3.0,3.0,,,
163,37,Separate the blue sweets,3,Frank Skinner,3,,3,3,3.0,3.0,3.0,,,
164,37,Separate the blue sweets,4,Josh Widdicombe,2,,2,4,2.0,2.0,2.0,,,
165,37,Separate the blue sweets,5,Roisin Conaty,1,,1,5,1.0,1.0,1.0,,,
166,37,Separate the blue sweets,6,Romesh Ranganathan,4,,4,2,4.0,4.0,4.0,,,
167,37,Separate the blue sweets,7,Tim Key,5,,5,1,5.0,5.0,5.0,,,
168,38,The most important document,8,Doc Brown,4,,4,2,4.0,4.0,3.75,,,
169,38,The most important document,9,Joe Wilkinson,5,,5,1,5.0,5.0,4.69,,,
170,38,The most important document,10,Jon Richardson,2,,2,4=,2.0,1.5,1.88,,,
171,38,The most important document,11,Katherine Ryan,3,,3,3,3.0,3.0,2.81,,,
172,38,The most important document,12,Richard Osman,2,,2,4=,2.0,1.5,1.88,,,
173,39,Place the exercise balls on the yoga mat,8,Doc Brown,1,,1,5,1.0,1.0,1.0,,,
174,39,Place the exercise balls on the yoga mat,9,Joe Wilkinson,2,,2,4,2.0,2.0,2.0,,,
175,39,Place the exercise balls on the yoga mat,10,Jon Richardson,4,,4,2,4.0,4.0,4.0,,,
176,39,Place the exercise balls on the yoga mat,11,Katherine Ryan,3,,3,3,3.0,3.0,3.0,,,
177,39,Place the exercise balls on the yoga mat,12,Richard Osman,5,,5,1,5.0,5.0,5.0,,,
178,40,Get the potato into the hole,8,Doc Brown,2,,2,4,2.0,2.0,2.0,,,
179,40,Get the potato into the hole,9,Joe Wilkinson,,,0,,,,,,,
180,40,Get the potato into the hole,10,Jon Richardson,5,,5,1,5.0,5.0,5.0,,,
181,40,Get the potato into the hole,11,Katherine Ryan,3,,3,3,3.0,3.0,3.0,,,
182,40,Get the potato into the hole,12,Richard Osman,4,,4,2,4.0,4.0,4.0,,,
183,41,Find out about the Swedish person,8,Doc Brown,2,,2,4,2.0,2.0,2.0,,,
184,41,Find out about the Swedish person,9,Joe Wilkinson,1,,1,5,1.0,1.0,1.0,,,
185,41,Find out about the Swedish person,10,Jon Richardson,3,,3,3,3.0,3.0,3.0,,,
186,41,Find out about the Swedish person,11,Katherine Ryan,5,,5,1,5.0,5.0,5.0,,,
187,41,Find out about the Swedish person,12,Richard Osman,4,,4,2,4.0,4.0,4.0,,,
188,42,Pack a suitcase,8,Doc Brown,0,,0,,,,,,,
189,42,Pack a suitcase,9,Joe Wilkinson,0,,0,,,,,,,
190,42,Pack a suitcase,10,Jon Richardson,4,,4,2,4.0,4.0,4.0,,,
191,42,Pack a suitcase,11,Katherine Ryan,3,,3,3,3.0,3.0,3.0,,,
192,42,Pack a suitcase,12,Richard Osman,5,,5,1,5.0,5.0,5.0,,,
193,43,The trendiest item of clothing,8,Doc Brown,5,,5,1,5.0,5.0,5.0,,,
194,43,The trendiest item of clothing,9,Joe Wilkinson,2,,2,4,2.0,2.0,2.0,,,
195,43,The trendiest item of clothing,10,Jon Richardson,3,,3,3,3.0,3.0,3.0,,,
196,43,The trendiest item of clothing,11,Katherine Ryan,4,,4,2,4.0,4.0,4.0,,,
197,43,The trendiest item of clothing,12,Richard Osman,1,,1,5,1.0,1.0,1.0,,,
198,44,Quickly eat an egg,8,Doc Brown,4,,4,2,4.0,4.0,4.0,,,
199,44,Quickly eat an egg,9,Joe Wilkinson,2,,2,4,2.0,2.0,2.0,,,
200,44,Quickly eat an egg,10,Jon Richardson,3,,3,3,3.0,3.0,3.0,,,
201,44,Quickly eat an egg,11,Katherine Ryan,0,,0,,,,,,,
202,44,Quickly eat an egg,12,Richard Osman,5,,5,1,5.0,5.0,5.0,,,
203,45,Create a nursery rhyme video,8,Doc Brown,5,,5,1=,5.0,4.5,3.95,,,
204,45,Create a nursery rhyme video,9,Joe Wilkinson,2,,2,5,1.0,1.0,1.58,,,
205,45,Create a nursery rhyme video,10,Jon Richardson,5,,5,1=,5.0,4.5,3.95,,,
206,45,Create a nursery rhyme video,11,Katherine Ryan,4,,4,3,3.0,3.0,3.16,,,
207,45,Create a nursery rhyme video,12,Richard Osman,3,,3,4,2.0,2.0,2.37,,,
208,46,A photo of an object that looks like you,8,Doc Brown,1,,1,5,1.0,1.0,1.0,,,
209,46,A photo of an object that looks like you,9,Joe Wilkinson,2,,2,4,2.0,2.0,2.0,,,
210,46,A photo of an object that looks like you,10,Jon Richardson,4,,4,2,4.0,4.0,4.0,,,
211,46,A photo of an object that looks like you,11,Katherine Ryan,3,,3,3,3.0,3.0,3.0,,,
212,46,A photo of an object that looks like you,12,Richard Osman,5,,5,1,5.0,5.0,5.0,,,
213,47,Order a pizza without using certain words,8,Doc Brown,2,1,3,4,2.0,2.0,2.0,,,
214,47,Order a pizza without using certain words,9,Joe Wilkinson,4,1,5,2,4.0,4.0,4.0,,,
215,47,Order a pizza without using certain words,10,Jon Richardson,5,,5,1,5.0,5.0,5.0,,,
216,47,Order a pizza without using certain words,11,Katherine Ryan,3,1,4,3,3.0,3.0,3.0,,,
217,47,Order a pizza without using certain words,12,Richard Osman,1,,1,5,1.0,1.0,1.0,,,
218,48,Put potatoes in a basket,8,Doc Brown,0,,0,,,,,,,
219,48,Put potatoes in a basket,9,Joe Wilkinson,0,,0,,,,,,,
220,48,Put potatoes in a basket,10,Jon Richardson,5,,5,1,5.0,5.0,5.0,,,
221,48,Put potatoes in a basket,11,Katherine Ryan,4,,4,2,4.0,4.0,4.0,,,
222,48,Put potatoes in a basket,12,Richard Osman,,,0,,,,,,,
223,49,The best dinner party guest,8,Doc Brown,3,,3,3,3.0,3.0,3.0,,,
224,49,The best dinner party guest,9,Joe Wilkinson,5,,5,1,5.0,5.0,5.0,,,
225,49,The best dinner party guest,10,Jon Richardson,1,,1,5,1.0,1.0,1.0,,,
226,49,The best dinner party guest,11,Katherine Ryan,4,,4,2,4.0,4.0,4.0,,,
227,49,The best dinner party guest,12,Richard Osman,2,,2,4,2.0,2.0,2.0,,,
228,50,Impress the Mayor,8,Doc Brown,2,,2,4,2.0,2.0,2.0,,,
229,50,Impress the Mayor,9,Joe Wilkinson,3,,3,3,3.0,3.0,3.0,,,
230,50,Impress the Mayor,10,Jon Richardson,1,,1,5,1.0,1.0,1.0,,,
231,50,Impress the Mayor,11,Katherine Ryan,5,,5,1,5.0,5.0,5.0,,,
232,50,Impress the Mayor,12,Richard Osman,4,,4,2,4.0,4.0,4.0,,,
233,51,Make an unexpected silhouette,8,Doc Brown,1,,1,5,1.0,1.0,1.0,,,
234,51,Make an unexpected silhouette,9,Joe Wilkinson,3,,3,3,3.0,3.0,3.0,,,
235,51,Make an unexpected silhouette,10,Jon Richardson,5,,5,1,5.0,5.0,5.0,,,
236,51,Make an unexpected silhouette,11,Katherine Ryan,2,,2,4,2.0,2.0,2.0,,,
237,51,Make an unexpected silhouette,12,Richard Osman,4,,4,2,4.0,4.0,4.0,,,
238,52,Buy a gift for the Taskmaster,8,Doc Brown,3,,3,3,3.0,3.0,3.0,,,
239,52,Buy a gift for the Taskmaster,9,Joe Wilkinson,2,,2,4,2.0,2.0,2.0,,,
240,52,Buy a gift for the Taskmaster,10,Jon Richardson,1,,1,5,1.0,1.0,1.0,,,
241,52,Buy a gift for the Taskmaster,11,Katherine Ryan,4,,4,2,4.0,4.0,4.0,,,
242,52,Buy a gift for the Taskmaster,12,Richard Osman,5,,5,1,5.0,5.0,5.0,,,
243,53,"See no potato, hear no potato, speak no potato",8,Doc Brown,0,,0,,,,,,,
244,53,"See no potato, hear no potato, speak no potato",9,Joe Wilkinson,0,,0,,,,,,,
245,53,"See no potato, hear no potato, speak no potato",10,Jon Richardson,5,,5,1=,,,5.0,5.0,3.0,3.5
246,53,"See no potato, hear no potato, speak no potato",11,Katherine Ryan,0,,0,,,,,,,
247,53,"See no potato, hear no potato, speak no potato",12,Richard Osman,5,,5,1=,,,5.0,5.0,3.0,3.5
248,54,Throw rabbits into a hat,8,Doc Brown,12,,12,2=,4.0,3.5,3.6,,,
249,54,Throw rabbits into a hat,9,Joe Wilkinson,12,,12,2=,4.0,3.5,3.6,,,
250,54,Throw rabbits into a hat,10,Jon Richardson,4,,4,5,1.0,1.0,1.2,,,
251,54,Throw rabbits into a hat,11,Katherine Ryan,15,,15,1,5.0,5.0,4.5,,,
252,54,Throw rabbits into a hat,12,Richard Osman,7,,7,4,2.0,2.0,2.1,,,
253,55,The coolest blue item,8,Doc Brown,3,,3,3,3.0,3.0,3.0,,,
254,55,The coolest blue item,9,Joe Wilkinson,4,,4,2,4.0,4.0,4.0,,,
255,55,The coolest blue item,10,Jon Richardson,5,,5,1,5.0,5.0,5.0,,,
256,55,The coolest blue item,11,Katherine Ryan,2,,2,4,2.0,2.0,2.0,,,
257,55,The coolest blue item,12,Richard Osman,1,,1,5,1.0,1.0,1.0,,,
258,56,Rescue Patatas from the tree,8,Doc Brown,4,,4,2,4.0,4.0,4.0,,,
259,56,Rescue Patatas from the tree,9,Joe Wilkinson,3,,3,3,3.0,3.0,3.0,,,
260,56,Rescue Patatas from the tree,10,Jon Richardson,2,,2,4,2.0,2.0,2.0,,,
261,56,Rescue Patatas from the tree,11,Katherine Ryan,5,,5,1,5.0,5.0,5.0,,,
262,56,Rescue Patatas from the tree,12,Richard Osman,0,,0,,,,,,,
263,57,Conceal a pineapple on your person,8,Doc Brown,2,,2,4,2.0,2.0,2.0,,,
264,57,Conceal a pineapple on your person,9,Joe Wilkinson,1,,1,5,1.0,1.0,1.0,,,
265,57,Conceal a pineapple on your person,10,Jon Richardson,5,,5,1,5.0,5.0,5.0,,,
266,57,Conceal a pineapple on your person,11,Katherine Ryan,4,,4,2,4.0,4.0,4.0,,,
267,57,Conceal a pineapple on your person,12,Richard Osman,3,,3,3,3.0,3.0,3.0,,,
268,58,Set a task / Guess who set the tasks,8,Doc Brown,0,,0,,,,,,,
269,58,Set a task / Guess who set the tasks,9,Joe Wilkinson,0,,0,,,,,,,
270,58,Set a task / Guess who set the tasks,10,Jon Richardson,4,,4,1,5.0,5.0,5.0,,,
271,58,Set a task / Guess who set the tasks,11,Katherine Ryan,0,,0,,,,,,,
272,58,Set a task / Guess who set the tasks,12,Richard Osman,0,,0,,,,,,,
273,59,Construct something for the Taskmaster,8,Doc Brown,4,,4,1=,,,4.29,5.0,3.0,3.5
274,59,Construct something for the Taskmaster,9,Joe Wilkinson,4,,4,1=,,,4.29,5.0,3.0,3.5
275,59,Construct something for the Taskmaster,10,Jon Richardson,1,,1,2=,,,1.07,3.0,2.0,2.5
276,59,Construct something for the Taskmaster,11,Katherine Ryan,4,,4,1=,,,4.29,5.0,3.0,3.5
277,59,Construct something for the Taskmaster,12,Richard Osman,1,,1,2=,,,1.07,3.0,2.0,2.5
278,60,Build the tallest tower using potato products,8,Doc Brown,5,,5,1,5.0,5.0,5.0,,,
279,60,Build the tallest tower using potato products,9,Joe Wilkinson,0,,0,,,,,,,
280,60,Build the tallest tower using potato products,10,Jon Richardson,0,,0,,,,,,,
281,60,Build the tallest tower using potato products,11,Katherine Ryan,0,,0,,,,,,,
282,60,Build the tallest tower using potato products,12,Richard Osman,0,,0,,,,,,,
283,61,The best piece of memorabilia,8,Doc Brown,2,,2,4,2.0,2.0,2.0,,,
284,61,The best piece of memorabilia,9,Joe Wilkinson,1,,1,5,1.0,1.0,1.0,,,
285,61,The best piece of memorabilia,10,Jon Richardson,3,,3,3,3.0,3.0,3.0,,,
286,61,The best piece of memorabilia,11,Katherine Ryan,4,,4,2,4.0,4.0,4.0,,,
287,61,The best piece of memorabilia,12,Richard Osman,5,,5,1,5.0,5.0,5.0,,,
288,62,Move items across a stream,8,Doc Brown,,,0,,,,,,,
289,62,Move items across a stream,9,Joe Wilkinson,5,,5,1,5.0,5.0,5.0,,,
290,62,Move items across a stream,10,Jon Richardson,,,0,,,,,,,
291,62,Move items across a stream,11,Katherine Ryan,3,,3,3,3.0,3.0,3.0,,,
292,62,Move items across a stream,12,Richard Osman,4,,4,2,4.0,4.0,4.0,,,
293,63,Create a stop-motion film starring a potato,8,Doc Brown,2,,2,2=,,,2.5,3.0,2.0,2.5
294,63,Create a stop-motion film starring a potato,9,Joe Wilkinson,2,,2,2=,,,2.5,3.0,2.0,2.5
295,63,Create a stop-motion film starring a potato,10,Jon Richardson,3,,3,1=,,,3.75,5.0,3.0,3.5
296,63,Create a stop-motion film starring a potato,11,Katherine Ryan,2,,2,2=,,,2.5,3.0,2.0,2.5
297,63,Create a stop-motion film starring a potato,12,Richard Osman,3,,3,1=,,,3.75,5.0,3.0,3.5
298,64,Build a bridge for the potato,8,Doc Brown,4,,4,2,4.0,4.0,4.0,,,
299,64,Build a bridge for the potato,9,Joe Wilkinson,3,,3,3,3.0,3.0,3.0,,,
300,64,Build a bridge for the potato,10,Jon Richardson,5,,5,1,5.0,5.0,5.0,,,
301,64,Build a bridge for the potato,11,Katherine Ryan,1,,1,5,1.0,1.0,1.0,,,
302,64,Build a bridge for the potato,12,Richard Osman,2,,2,4,2.0,2.0,2.0,,,
303,65,"Put on gloves, eat a banana, put on a tie, and clap",8,Doc Brown,4,,4,2,4.0,4.0,4.0,,,
304,65,"Put on gloves, eat a banana, put on a tie, and clap",9,Joe Wilkinson,0,,0,,,,,,,
305,65,"Put on gloves, eat a banana, put on a tie, and clap",10,Jon Richardson,2,,2,4,2.0,2.0,2.0,,,
306,65,"Put on gloves, eat a banana, put on a tie, and clap",11,Katherine Ryan,3,,3,3,3.0,3.0,3.0,,,
307,65,"Put on gloves, eat a banana, put on a tie, and clap",12,Richard Osman,5,,5,1,5.0,5.0,5.0,,,
308,66,The most flamboyant clock,13,Al Murray,4,,4,2,4.0,4.0,4.0,,,
309,66,The most flamboyant clock,14,Dave Gorman,3,,3,3,3.0,3.0,3.0,,,
310,66,The most flamboyant clock,15,Paul Chowdhry,1,,1,5,1.0,1.0,1.0,,,
311,66,The most flamboyant clock,16,Rob Beckett,2,,2,4,2.0,2.0,2.0,,,
312,66,The most flamboyant clock,17,Sara Pascoe,5,,5,1,5.0,5.0,5.0,,,
313,67,Reach the microwave in the fewest steps,13,Al Murray,4,,4,2,4.0,4.0,4.0,,,
314,67,Reach the microwave in the fewest steps,14,Dave Gorman,2,,2,4,2.0,2.0,2.0,,,
315,67,Reach the microwave in the fewest steps,15,Paul Chowdhry,0,,0,,,,,,,
316,67,Reach the microwave in the fewest steps,16,Rob Beckett,5,,5,1,5.0,5.0,5.0,,,
317,67,Reach the microwave in the fewest steps,17,Sara Pascoe,3,,3,3,3.0,3.0,3.0,,,
318,68,Propel a pea along a red carpet,13,Al Murray,5,,5,1,5.0,5.0,5.0,,,
319,68,Propel a pea along a red carpet,14,Dave Gorman,,,0,,,,,,,
320,68,Propel a pea along a red carpet,15,Paul Chowdhry,2,,2,4,2.0,2.0,2.0,,,
321,68,Propel a pea along a red carpet,16,Rob Beckett,4,,4,2,4.0,4.0,4.0,,,
322,68,Propel a pea along a red carpet,17,Sara Pascoe,3,,3,3,3.0,3.0,3.0,,,
323,69,Make the best snowman,13,Al Murray,3,,3,3,3.0,3.0,3.0,,,
324,69,Make the best snowman,14,Dave Gorman,5,,5,1,5.0,5.0,5.0,,,
325,69,Make the best snowman,15,Paul Chowdhry,1,,1,5,1.0,1.0,1.0,,,
326,69,Make the best snowman,16,Rob Beckett,2,,2,4,2.0,2.0,2.0,,,
327,69,Make the best snowman,17,Sara Pascoe,4,,4,2,4.0,4.0,4.0,,,
328,70,Balance swedes on a Swede,13,Al Murray,5,,5,1,5.0,5.0,5.0,,,
329,70,Balance swedes on a Swede,14,Dave Gorman,3,,3,3,3.0,3.0,3.0,,,
330,70,Balance swedes on a Swede,15,Paul Chowdhry,4,,4,2,4.0,4.0,4.0,,,
331,70,Balance swedes on a Swede,16,Rob Beckett,2,,2,4,2.0,2.0,2.0,,,
332,70,Balance swedes on a Swede,17,Sara Pascoe,1,,1,5,1.0,1.0,1.0,,,
333,71,The heaviest shoebox-sized item,13,Al Murray,3,,3,3,3.0,3.0,3.0,,,
334,71,The heaviest shoebox-sized item,14,Dave Gorman,5,,5,1,5.0,5.0,5.0,,,
335,71,The heaviest shoebox-sized item,15,Paul Chowdhry,2,,2,4,2.0,2.0,2.0,,,
336,71,The heaviest shoebox-sized item,16,Rob Beckett,4,,4,2,4.0,4.0,4.0,,,
337,71,The heaviest shoebox-sized item,17,Sara Pascoe,1,,1,5,1.0,1.0,1.0,,,
338,72,Surprise Alex,13,Al Murray,4,,4,2,4.0,4.0,4.0,,,
339,72,Surprise Alex,14,Dave Gorman,3,,3,3,3.0,3.0,3.0,,,
340,72,Surprise Alex,15,Paul Chowdhry,1,,1,5,1.0,1.0,1.0,,,
341,72,Surprise Alex,16,Rob Beckett,5,,5,1,5.0,5.0,5.0,,,
342,72,Surprise Alex,17,Sara Pascoe,2,,2,4,2.0,2.0,2.0,,,
343,73,Release Alex,13,Al Murray,0,,0,,,,,,,
344,73,Release Alex,14,Dave Gorman,0,,0,,,,,,,
345,73,Release Alex,15,Paul Chowdhry,0,,0,,,,,,,
346,73,Release Alex,16,Rob Beckett,5,,5,1=,,,5.0,5.0,3.0,3.5
347,73,Release Alex,17,Sara Pascoe,5,,5,1=,,,5.0,5.0,3.0,3.5
348,74,An upside-down condiment self-portrait,13,Al Murray,5,,5,1,5.0,5.0,4.69,,,
349,74,An upside-down condiment self-portrait,14,Dave Gorman,3,,3,3,3.0,3.0,2.81,,,
350,74,An upside-down condiment self-portrait,15,Paul Chowdhry,2,,2,4=,2.0,1.5,1.88,,,
351,74,An upside-down condiment self-portrait,16,Rob Beckett,2,,2,4=,2.0,1.5,1.88,,,
352,74,An upside-down condiment self-portrait,17,Sara Pascoe,4,,4,2,4.0,4.0,3.75,,,
353,75,Burst all of the balloons,13,Al Murray,1,,1,5,1.0,1.0,1.0,,,
354,75,Burst all of the balloons,14,Dave Gorman,3,,3,3,3.0,3.0,3.0,,,
355,75,Burst all of the balloons,15,Paul Chowdhry,4,,4,2,4.0,4.0,4.0,,,
356,75,Burst all of the balloons,16,Rob Beckett,5,,5,1,5.0,5.0,5.0,,,
357,75,Burst all of the balloons,17,Sara Pascoe,2,,2,4,2.0,2.0,2.0,,,
358,76,Unravel the tape,13,Al Murray,5,,5,1,5.0,5.0,5.0,,,
359,76,Unravel the tape,14,Dave Gorman,3,,3,3,3.0,3.0,3.0,,,
360,76,Unravel the tape,15,Paul Chowdhry,4,,4,2,4.0,4.0,4.0,,,
361,76,Unravel the tape,16,Rob Beckett,0,,0,,,,,,,
362,76,Unravel the tape,17,Sara Pascoe,2,,2,4,2.0,2.0,2.0,,,
363,77,The best battery-operated item,13,Al Murray,2,,2,4,2.0,2.0,2.0,,,
364,77,The best battery-operated item,14,Dave Gorman,1,,1,5,1.0,1.0,1.0,,,
365,77,The best battery-operated item,15,Paul Chowdhry,4,,4,2,4.0,4.0,4.0,,,
366,77,The best battery-operated item,16,Rob Beckett,5,,5,1,5.0,5.0,5.0,,,
367,77,The best battery-operated item,17,Sara Pascoe,3,,3,3,3.0,3.0,3.0,,,
368,78,Fill an eggcup with sweat,13,Al Murray,,,0,,,,,,,
369,78,Fill an eggcup with sweat,14,Dave Gorman,3,,3,3,3.0,3.0,3.0,,,
370,78,Fill an eggcup with sweat,15,Paul Chowdhry,5,,5,1,5.0,5.0,5.0,,,
371,78,Fill an eggcup with sweat,16,Rob Beckett,2,,2,4,2.0,2.0,2.0,,,
372,78,Fill an eggcup with sweat,17,Sara Pascoe,4,,4,2,4.0,4.0,4.0,,,
373,79,Make the best domino rally,13,Al Murray,1,,1,4=,2.0,1.5,1.0,,,
374,79,Make the best domino rally,14,Dave Gorman,4,,4,2,4.0,4.0,4.0,,,
375,79,Make the best domino rally,15,Paul Chowdhry,5,,5,1,5.0,5.0,5.0,,,
376,79,Make the best domino rally,16,Rob Beckett,3,,3,3,3.0,3.0,3.0,,,
377,79,Make the best domino rally,17,Sara Pascoe,1,,1,4=,2.0,1.5,1.0,,,
378,80,Buy a gift for the Taskmaster,13,Al Murray,3,,3,3,3.0,3.0,3.0,,,
379,80,Buy a gift for the Taskmaster,14,Dave Gorman,5,,5,1,5.0,5.0,5.0,,,
380,80,Buy a gift for the Taskmaster,15,Paul Chowdhry,2,,2,4,2.0,2.0,2.0,,,
381,80,Buy a gift for the Taskmaster,16,Rob Beckett,4,,4,2,4.0,4.0,4.0,,,
382,80,Buy a gift for the Taskmaster,17,Sara Pascoe,1,,1,5,1.0,1.0,1.0,,,
383,81,Create the best flag meal,13,Al Murray,2,,2,4,2.0,2.0,2.0,,,
384,81,Create the best flag meal,14,Dave Gorman,5,,5,1,5.0,5.0,5.0,,,
385,81,Create the best flag meal,15,Paul Chowdhry,4,,4,2,4.0,4.0,4.0,,,
386,81,Create the best flag meal,16,Rob Beckett,1,,1,5,1.0,1.0,1.0,,,
387,81,Create the best flag meal,17,Sara Pascoe,3,,3,3,3.0,3.0,3.0,,,
388,82,Anchor balloons using bread,13,Al Murray,1,,1,5,1.0,1.0,1.0,,,
389,82,Anchor balloons using bread,14,Dave Gorman,3,,3,3,3.0,3.0,3.0,,,
390,82,Anchor balloons using bread,15,Paul Chowdhry,2,,2,4,2.0,2.0,2.0,,,
391,82,Anchor balloons using bread,16,Rob Beckett,4,,4,2,4.0,4.0,4.0,,,
392,82,Anchor balloons using bread,17,Sara Pascoe,5,,5,1,5.0,5.0,5.0,,,
393,83,The shiniest thing,13,Al Murray,1,,1,5,1.0,1.0,1.0,,,
394,83,The shiniest thing,14,Dave Gorman,3,,3,3,3.0,3.0,3.0,,,
395,83,The shiniest thing,15,Paul Chowdhry,5,,5,1,5.0,5.0,5.0,,,
396,83,The shiniest thing,16,Rob Beckett,2,,2,4,2.0,2.0,2.0,,,
397,83,The shiniest thing,17,Sara Pascoe,4,,4,2,4.0,4.0,4.0,,,
398,84,Spread your clothes far and wide,13,Al Murray,5,,5,1,5.0,5.0,5.0,,,
399,84,Spread your clothes far and wide,14,Dave Gorman,3,,3,3,3.0,3.0,3.0,,,
400,84,Spread your clothes far and wide,15,Paul Chowdhry,1,,1,5,1.0,1.0,1.0,,,
401,84,Spread your clothes far and wide,16,Rob Beckett,4,,4,2,4.0,4.0,4.0,,,
402,84,Spread your clothes far and wide,17,Sara Pascoe,2,,2,4,2.0,2.0,2.0,,,
403,85,Find out the lying old man’s occupation,13,Al Murray,5,,5,1,5.0,5.0,5.0,,,
404,85,Find out the lying old man’s occupation,14,Dave Gorman,4,,4,2,4.0,4.0,4.0,,,
405,85,Find out the lying old man’s occupation,15,Paul Chowdhry,1,,1,5,1.0,1.0,1.0,,,
406,85,Find out the lying old man’s occupation,16,Rob Beckett,2,,2,4,2.0,2.0,2.0,,,
407,85,Find out the lying old man’s occupation,17,Sara Pascoe,3,,3,3,3.0,3.0,3.0,,,
408,86,Create an impressive special effect,13,Al Murray,3,,3,1=,,,3.46,5.0,3.0,3.5
409,86,Create an impressive special effect,14,Dave Gorman,3,,3,1=,,,3.46,5.0,3.0,3.5
410,86,Create an impressive special effect,15,Paul Chowdhry,3,,3,1=,,,3.46,5.0,3.0,3.5
411,86,Create an impressive special effect,16,Rob Beckett,2,,2,2=,,,2.31,3.0,2.0,2.5
412,86,Create an impressive special effect,17,Sara Pascoe,2,,2,2=,,,2.31,3.0,2.0,2.5
413,87,Cover yourself in sticky notes,13,Al Murray,2,,2,4,2.0,2.0,2.0,,,
414,87,Cover yourself in sticky notes,14,Dave Gorman,4,,4,2,4.0,4.0,4.0,,,
415,87,Cover yourself in sticky notes,15,Paul Chowdhry,1,,1,5,1.0,1.0,1.0,,,
416,87,Cover yourself in sticky notes,16,Rob Beckett,5,,5,1,5.0,5.0,5.0,,,
417,87,Cover yourself in sticky notes,17,Sara Pascoe,3,,3,3,3.0,3.0,3.0,,,
418,88,Have fun on a bouncy castle,15,Paul Chowdhry,0,,0,,,,,,,
419,89,The most handsome relative,13,Al Murray,4,,4,2,4.0,4.0,4.0,,,
420,89,The most handsome relative,14,Dave Gorman,5,,5,1,5.0,5.0,5.0,,,
421,89,The most handsome relative,15,Paul Chowdhry,1,,1,4=,2.0,1.5,1.0,,,
422,89,The most handsome relative,16,Rob Beckett,3,,3,3,3.0,3.0,3.0,,,
423,89,The most handsome relative,17,Sara Pascoe,1,,1,4=,2.0,1.5,1.0,,,
424,90,Move water from one bucket to another,13,Al Murray,5,,5,1,5.0,5.0,5.0,,,
425,90,Move water from one bucket to another,14,Dave Gorman,,,0,,,,,,,
426,90,Move water from one bucket to another,15,Paul Chowdhry,3,,3,3,3.0,3.0,3.0,,,
427,90,Move water from one bucket to another,16,Rob Beckett,4,,4,2,4.0,4.0,4.0,,,
428,90,Move water from one bucket to another,17,Sara Pascoe,2,1,3,4,2.0,2.0,2.0,,,
429,91,Play charades across a river,13,Al Murray,5,,5,1=,,,5.0,5.0,3.0,3.5
430,91,Play charades across a river,14,Dave Gorman,5,,5,1=,,,5.0,5.0,3.0,3.5
431,91,Play charades across a river,15,Paul Chowdhry,5,,5,1=,,,5.0,5.0,3.0,3.5
432,91,Play charades across a river,16,Rob Beckett,0,,0,,,,,,,
433,91,Play charades across a river,17,Sara Pascoe,0,,0,,,,,,,
434,92,Create an impressive time-lapse or slow motion film,13,Al Murray,2,,2,5,1.0,1.0,1.67,,,
435,92,Create an impressive time-lapse or slow motion film,14,Dave Gorman,3,,3,3=,3.0,2.5,2.5,,,
436,92,Create an impressive time-lapse or slow motion film,15,Paul Chowdhry,3,,3,3=,3.0,2.5,2.5,,,
437,92,Create an impressive time-lapse or slow motion film,16,Rob Beckett,5,,5,1=,5.0,4.5,4.17,,,
438,92,Create an impressive time-lapse or slow motion film,17,Sara Pascoe,5,,5,1=,5.0,4.5,4.17,,,
439,93,The lowest unique number of doughnuts,13,Al Murray,0,,0,,,,,,,
440,93,The lowest unique number of doughnuts,14,Dave Gorman,0,,0,,,,,,,
441,93,The lowest unique number of doughnuts,15,Paul Chowdhry,0,,0,,,,,,,
442,93,The lowest unique number of doughnuts,16,Rob Beckett,5,,5,1,5.0,5.0,5.0,,,
443,93,The lowest unique number of doughnuts,17,Sara Pascoe,0,,0,,,,,,,
444,94,The most interesting vegetable autograph,18,Hugh Dennis,1,,1,5,1.0,1.0,1.0,,,
445,94,The most interesting vegetable autograph,19,Joe Lycett,2,,2,4,2.0,2.0,2.0,,,
446,94,The most interesting vegetable autograph,20,Lolly Adefope,3,,3,3,3.0,3.0,3.0,,,
447,94,The most interesting vegetable autograph,21,Mel Giedroyc,4,,4,2,4.0,4.0,4.0,,,
448,94,The most interesting vegetable autograph,22,Noel Fielding,5,,5,1,5.0,5.0,5.0,,,
449,95,Beautifully destroy a cake,18,Hugh Dennis,1,,1,5,1.0,1.0,1.0,,,
450,95,Beautifully destroy a cake,19,Joe Lycett,5,,5,1,5.0,5.0,5.0,,,
451,95,Beautifully destroy a cake,20,Lolly Adefope,2,,2,4,2.0,2.0,2.0,,,
452,95,Beautifully destroy a cake,21,Mel Giedroyc,3,,3,3,3.0,3.0,3.0,,,
453,95,Beautifully destroy a cake,22,Noel Fielding,4,,4,2,4.0,4.0,4.0,,,
454,96,Draw a blind portrait,18,Hugh Dennis,1,1,2,5,1.0,1.0,1.0,,,
455,96,Draw a blind portrait,19,Joe Lycett,4,,4,2,4.0,4.0,4.0,,,
456,96,Draw a blind portrait,20,Lolly Adefope,3,,3,3,3.0,3.0,3.0,,,
457,96,Draw a blind portrait,21,Mel Giedroyc,2,1,3,4,2.0,2.0,2.0,,,
458,96,Draw a blind portrait,22,Noel Fielding,5,,5,1,5.0,5.0,5.0,,,
459,97,Fell all the ducks,18,Hugh Dennis,5,,5,1,5.0,5.0,5.0,,,
460,97,Fell all the ducks,19,Joe Lycett,3,,3,3,3.0,3.0,3.0,,,
461,97,Fell all the ducks,20,Lolly Adefope,4,,4,2,4.0,4.0,4.0,,,
462,97,Fell all the ducks,21,Mel Giedroyc,1,,1,5,1.0,1.0,1.0,,,
463,97,Fell all the ducks,22,Noel Fielding,2,,2,4,2.0,2.0,2.0,,,
464,98,Make the most fruit juice,18,Hugh Dennis,4,,4,2,4.0,4.0,4.0,,,
465,98,Make the most fruit juice,19,Joe Lycett,3,,3,3,3.0,3.0,3.0,,,
466,98,Make the most fruit juice,20,Lolly Adefope,1,,1,5,1.0,1.0,1.0,,,
467,98,Make the most fruit juice,21,Mel Giedroyc,5,,5,1,5.0,5.0,5.0,,,
468,98,Make the most fruit juice,22,Noel Fielding,2,,2,4,2.0,2.0,2.0,,,
469,99,The most boastful item,18,Hugh Dennis,1,,1,5,1.0,1.0,1.0,,,
470,99,The most boastful item,19,Joe Lycett,2,,2,4,2.0,2.0,2.0,,,
471,99,The most boastful item,20,Lolly Adefope,4,,4,2,4.0,4.0,4.0,,,
472,99,The most boastful item,21,Mel Giedroyc,3,,3,3,3.0,3.0,3.0,,,
473,99,The most boastful item,22,Noel Fielding,5,,5,1,5.0,5.0,5.0,,,
474,100,Keep the basketball on the treadmill,18,Hugh Dennis,5,,5,1,5.0,5.0,5.0,,,
475,100,Keep the basketball on the treadmill,19,Joe Lycett,2,,2,4,2.0,2.0,2.0,,,
476,100,Keep the basketball on the treadmill,20,Lolly Adefope,4,,4,2,4.0,4.0,4.0,,,
477,100,Keep the basketball on the treadmill,21,Mel Giedroyc,3,,3,3,3.0,3.0,3.0,,,
478,100,Keep the basketball on the treadmill,22,Noel Fielding,1,,1,5,1.0,1.0,1.0,,,
479,101,Paint a portrait of the Taskmaster without touching the red mat,18,Hugh Dennis,,,0,,,,,,,
480,101,Paint a portrait of the Taskmaster without touching the red mat,19,Joe Lycett,4,,4,2,4.0,4.0,4.0,,,
481,101,Paint a portrait of the Taskmaster without touching the red mat,20,Lolly Adefope,2,,2,4,2.0,2.0,2.0,,,
482,101,Paint a portrait of the Taskmaster without touching the red mat,21,Mel Giedroyc,3,,3,3,3.0,3.0,3.0,,,
483,101,Paint a portrait of the Taskmaster without touching the red mat,22,Noel Fielding,5,,5,1,5.0,5.0,5.0,,,
484,102,Get the flour onto the target,18,Hugh Dennis,5,,5,1=,,,5.0,5.0,3.0,3.5
485,102,Get the flour onto the target,19,Joe Lycett,,,0,,,,,,,
486,102,Get the flour onto the target,20,Lolly Adefope,,,0,,,,,,,
487,102,Get the flour onto the target,21,Mel Giedroyc,5,,5,1=,,,5.0,5.0,3.0,3.5
488,102,Get the flour onto the target,22,Noel Fielding,,,0,,,,,,,
489,103,Put an egg in an egg cup without touching either,18,Hugh Dennis,2,,2,4,2.0,2.0,2.0,,,
490,103,Put an egg in an egg cup without touching either,19,Joe Lycett,3,,3,3,3.0,3.0,3.0,,,
491,103,Put an egg in an egg cup without touching either,20,Lolly Adefope,5,,5,1,5.0,5.0,5.0,,,
492,103,Put an egg in an egg cup without touching either,21,Mel Giedroyc,1,,1,5,1.0,1.0,1.0,,,
493,103,Put an egg in an egg cup without touching either,22,Noel Fielding,4,,4,2,4.0,4.0,4.0,,,
494,104,Make the longest balloon chain,18,Hugh Dennis,4,,4,2,4.0,4.0,3.53,,,
495,104,Make the longest balloon chain,19,Joe Lycett,2,,2,5,1.0,1.0,1.76,,,
496,104,Make the longest balloon chain,20,Lolly Adefope,3,,3,3=,3.0,2.5,2.65,,,
497,104,Make the longest balloon chain,21,Mel Giedroyc,5,,5,1,5.0,5.0,4.41,,,
498,104,Make the longest balloon chain,22,Noel Fielding,3,,3,3=,3.0,2.5,2.65,,,
499,105,The best subscription,18,Hugh Dennis,1,,1,5,1.0,1.0,1.0,,,
500,105,The best subscription,19,Joe Lycett,3,,3,3,3.0,3.0,3.0,,,
501,105,The best subscription,20,Lolly Adefope,4,,4,2,4.0,4.0,4.0,,,
502,105,The best subscription,21,Mel Giedroyc,2,,2,4,2.0,2.0,2.0,,,
503,105,The best subscription,22,Noel Fielding,5,,5,1,5.0,5.0,5.0,,,
504,106,Camouflage yourself,18,Hugh Dennis,4,,4,2=,4.0,3.5,3.75,,,
505,106,Camouflage yourself,19,Joe Lycett,4,,4,2=,4.0,3.5,3.75,,,
506,106,Camouflage yourself,20,Lolly Adefope,2,,2,4,2.0,2.0,1.88,,,
507,106,Camouflage yourself,21,Mel Giedroyc,1,,1,5,1.0,1.0,0.938,,,
508,106,Camouflage yourself,22,Noel Fielding,5,,5,1,5.0,5.0,4.69,,,
509,107,Make a Taskmaster movie trailer,18,Hugh Dennis,3,,3,1=,,,3.75,5.0,3.0,3.5
510,107,Make a Taskmaster movie trailer,19,Joe Lycett,2,,2,2=,,,2.5,3.0,2.0,2.5
511,107,Make a Taskmaster movie trailer,20,Lolly Adefope,2,,2,2=,,,2.5,3.0,2.0,2.5
512,107,Make a Taskmaster movie trailer,21,Mel Giedroyc,3,,3,1=,,,3.75,5.0,3.0,3.5
513,107,Make a Taskmaster movie trailer,22,Noel Fielding,2,,2,2=,,,2.5,3.0,2.0,2.5
514,108,Persuade three animals to stand on the mat,18,Hugh Dennis,3,,3,3,3.0,3.0,3.0,,,
515,108,Persuade three animals to stand on the mat,19,Joe Lycett,5,,5,1,5.0,5.0,5.0,,,
516,108,Persuade three animals to stand on the mat,20,Lolly Adefope,2,2,4,4,2.0,2.0,2.0,,,
517,108,Persuade three animals to stand on the mat,21,Mel Giedroyc,1,,1,5,1.0,1.0,1.0,,,
518,108,Persuade three animals to stand on the mat,22,Noel Fielding,4,,4,2,4.0,4.0,4.0,,,
519,109,Transfer water from one fishbowl to another,18,Hugh Dennis,4,,4,2,4.0,4.0,4.0,,,
520,109,Transfer water from one fishbowl to another,19,Joe Lycett,5,-5,0,1,5.0,5.0,5.0,,,
521,109,Transfer water from one fishbowl to another,20,Lolly Adefope,,,0,,,,,,,
522,109,Transfer water from one fishbowl to another,21,Mel Giedroyc,1,-5,-4,4,2.0,2.0,1.0,,,
523,109,Transfer water from one fishbowl to another,22,Noel Fielding,3,,3,3,3.0,3.0,3.0,,,
524,110,Musical words,18,Hugh Dennis,0,,0,,,,,,,
525,110,Musical words,19,Joe Lycett,5,,5,1,5.0,5.0,5.0,,,
526,110,Musical words,20,Lolly Adefope,0,,0,,,,,,,
527,110,Musical words,21,Mel Giedroyc,0,,0,,,,,,,
528,110,Musical words,22,Noel Fielding,0,,0,,,,,,,
529,111,Decant wine from one bottle to another,19,Joe Lycett,0,,0,,,,,,,
530,111,Decant wine from one bottle to another,22,Noel Fielding,0,,0,,,,,,,
531,112,The most surprising picture of yourself,18,Hugh Dennis,1,,1,5,1.0,1.0,1.0,,,
532,112,The most surprising picture of yourself,19,Joe Lycett,4,,4,2,4.0,4.0,4.0,,,
533,112,The most surprising picture of yourself,20,Lolly Adefope,5,,5,1,5.0,5.0,5.0,,,
534,112,The most surprising picture of yourself,21,Mel Giedroyc,3,,3,3,3.0,3.0,3.0,,,
535,112,The most surprising picture of yourself,22,Noel Fielding,2,,2,4,2.0,2.0,2.0,,,
536,113,Make the highest splash,18,Hugh Dennis,2,,2,4,2.0,2.0,2.0,,,
537,113,Make the highest splash,19,Joe Lycett,3,,3,3,3.0,3.0,3.0,,,
538,113,Make the highest splash,20,Lolly Adefope,1,,1,5,1.0,1.0,1.0,,,
539,113,Make the highest splash,21,Mel Giedroyc,4,,4,2,4.0,4.0,4.0,,,
540,113,Make the highest splash,22,Noel Fielding,5,,5,1,5.0,5.0,5.0,,,
541,114,Ringtone choreography,18,Hugh Dennis,1,,1,5,1.0,1.0,0.938,,,
542,114,Ringtone choreography,19,Joe Lycett,2,,2,4,2.0,2.0,1.88,,,
543,114,Ringtone choreography,20,Lolly Adefope,3,,3,3,3.0,3.0,2.81,,,
544,114,Ringtone choreography,21,Mel Giedroyc,5,,5,1=,5.0,4.5,4.69,,,
545,114,Ringtone choreography,22,Noel Fielding,5,,5,1=,5.0,4.5,4.69,,,
546,115,Make the best toilet paper celebrity portrait,18,Hugh Dennis,3,,3,3,3.0,3.0,2.81,,,
547,115,Make the best toilet paper celebrity portrait,19,Joe Lycett,4,,4,2,4.0,4.0,3.75,,,
548,115,Make the best toilet paper celebrity portrait,20,Lolly Adefope,2,,2,4=,2.0,1.5,1.88,,,
549,115,Make the best toilet paper celebrity portrait,21,Mel Giedroyc,2,,2,4=,2.0,1.5,1.88,,,
550,115,Make the best toilet paper celebrity portrait,22,Noel Fielding,5,,5,1,5.0,5.0,4.69,,,
551,116,Do something incredible with a pommel horse,18,Hugh Dennis,5,,5,1=,5.0,4.5,4.41,,,
552,116,Do something incredible with a pommel horse,19,Joe Lycett,3,,3,3=,3.0,2.5,2.65,,,
553,116,Do something incredible with a pommel horse,20,Lolly Adefope,1,,1,5,1.0,1.0,0.882,,,
554,116,Do something incredible with a pommel horse,21,Mel Giedroyc,5,,5,1=,5.0,4.5,4.41,,,
555,116,Do something incredible with a pommel horse,22,Noel Fielding,3,,3,3=,3.0,2.5,2.65,,,
556,117,Make the tallest tube tower,18,Hugh Dennis,5,,5,1=,5.0,4.5,3.95,,,
557,117,Make the tallest tube tower,19,Joe Lycett,3,,3,3=,3.0,2.0,2.37,,,
558,117,Make the tallest tube tower,20,Lolly Adefope,3,,3,3=,3.0,2.0,2.37,,,
559,117,Make the tallest tube tower,21,Mel Giedroyc,5,,5,1=,5.0,4.5,3.95,,,
560,117,Make the tallest tube tower,22,Noel Fielding,3,,3,3=,3.0,2.0,2.37,,,
561,118,The cutest thing,18,Hugh Dennis,1,,1,5,1.0,1.0,1.0,,,
562,118,The cutest thing,19,Joe Lycett,4,,4,2,4.0,4.0,4.0,,,
563,118,The cutest thing,20,Lolly Adefope,5,,5,1,5.0,5.0,5.0,,,
564,118,The cutest thing,21,Mel Giedroyc,2,,2,4,2.0,2.0,2.0,,,
565,118,The cutest thing,22,Noel Fielding,3,,3,3,3.0,3.0,3.0,,,
566,119,Slide as far as possible,18,Hugh Dennis,4,,4,2,4.0,4.0,4.0,,,
567,119,Slide as far as possible,19,Joe Lycett,2,,2,4,2.0,2.0,2.0,,,
568,119,Slide as far as possible,20,Lolly Adefope,1,,1,5,1.0,1.0,1.0,,,
569,119,Slide as far as possible,21,Mel Giedroyc,5,,5,1,5.0,5.0,5.0,,,
570,119,Slide as far as possible,22,Noel Fielding,3,,3,3,3.0,3.0,3.0,,,
571,120,Don the diving gear while maintaining eye contact and small talk,18,Hugh Dennis,3,,3,3,3.0,3.0,3.0,,,
572,120,Don the diving gear while maintaining eye contact and small talk,19,Joe Lycett,4,1,5,2,4.0,4.0,4.0,,,
573,120,Don the diving gear while maintaining eye contact and small talk,20,Lolly Adefope,5,,5,1,5.0,5.0,5.0,,,
574,120,Don the diving gear while maintaining eye contact and small talk,21,Mel Giedroyc,2,,2,4,2.0,2.0,2.0,,,
575,120,Don the diving gear while maintaining eye contact and small talk,22,Noel Fielding,,1,1,,,,,,,
576,121,Do incompatible things with the bathtub,18,Hugh Dennis,5,,5,1=,,,5.0,5.0,3.0,3.5
577,121,Do incompatible things with the bathtub,19,Joe Lycett,0,,0,,,,,,,
578,121,Do incompatible things with the bathtub,20,Lolly Adefope,0,,0,,,,,,,
579,121,Do incompatible things with the bathtub,21,Mel Giedroyc,5,,5,1=,,,5.0,5.0,3.0,3.5
580,121,Do incompatible things with the bathtub,22,Noel Fielding,0,,0,,,,,,,
581,122,Throw something into something,18,Hugh Dennis,3,,3,3,3.0,3.0,3.0,,,
582,122,Throw something into something,19,Joe Lycett,2,,2,4,2.0,2.0,2.0,,,
583,122,Throw something into something,20,Lolly Adefope,1,,1,5,1.0,1.0,1.0,,,
584,122,Throw something into something,21,Mel Giedroyc,5,,5,1,5.0,5.0,5.0,,,
585,122,Throw something into something,22,Noel Fielding,4,,4,2,4.0,4.0,4.0,,,
586,123,Make the longest continuous noise,18,Hugh Dennis,4,1,5,2,4.0,4.0,4.0,,,
587,123,Make the longest continuous noise,19,Joe Lycett,5,,5,1,5.0,5.0,5.0,,,
588,123,Make the longest continuous noise,20,Lolly Adefope,3,,3,3,3.0,3.0,3.0,,,
589,123,Make the longest continuous noise,21,Mel Giedroyc,2,,2,4,2.0,2.0,2.0,,,
590,123,Make the longest continuous noise,22,Noel Fielding,1,,1,5,1.0,1.0,1.0,,,
591,124,Eat as many peas as possible,18,Hugh Dennis,0,,0,,,,,,,
592,124,Eat as many peas as possible,21,Mel Giedroyc,0,,0,,,,,,,
593,125,The best sheep-related item,18,Hugh Dennis,2,,2,4,2.0,2.0,2.0,,,
594,125,The best sheep-related item,19,Joe Lycett,3,,3,2=,4.0,3.5,3.0,,,
595,125,The best sheep-related item,20,Lolly Adefope,5,,5,1,5.0,5.0,5.0,,,
596,125,The best sheep-related item,21,Mel Giedroyc,1,,1,5,1.0,1.0,1.0,,,
597,125,The best sheep-related item,22,Noel Fielding,3,,3,2=,4.0,3.5,3.0,,,
598,126,Pass a camel through a small gap,18,Hugh Dennis,4,,4,2,4.0,4.0,4.0,,,
599,126,Pass a camel through a small gap,19,Joe Lycett,2,,2,4,2.0,2.0,2.0,,,
600,126,Pass a camel through a small gap,20,Lolly Adefope,3,,3,3,3.0,3.0,3.0,,,
601,126,Pass a camel through a small gap,21,Mel Giedroyc,5,,5,1,5.0,5.0,5.0,,,
602,126,Pass a camel through a small gap,22,Noel Fielding,1,,1,5,1.0,1.0,1.0,,,
603,127,Score a goal with a shopping bag,18,Hugh Dennis,5,,5,1,5.0,5.0,5.0,,,
604,127,Score a goal with a shopping bag,19,Joe Lycett,2,1,3,4,2.0,2.0,2.0,,,
605,127,Score a goal with a shopping bag,20,Lolly Adefope,3,,3,3,3.0,3.0,3.0,,,
606,127,Score a goal with a shopping bag,21,Mel Giedroyc,4,,4,2,4.0,4.0,4.0,,,
607,127,Score a goal with a shopping bag,22,Noel Fielding,1,,1,5,1.0,1.0,1.0,,,
608,128,Hide the giant beach ball,21,Mel Giedroyc,0,,0,,,,,,,
609,129,Fill the giant beach ball,21,Mel Giedroyc,0,,0,,,,,,,
610,130,Score a goal with the giant beach ball,21,Mel Giedroyc,0,,0,,,,,,,
611,131,Identify the contents of the sleeping bag,18,Hugh Dennis,,,0,,,,,,,
612,131,Identify the contents of the sleeping bag,19,Joe Lycett,5,,5,1=,5.0,4.0,4.41,,,
613,131,Identify the contents of the sleeping bag,20,Lolly Adefope,5,,5,1=,5.0,4.0,4.41,,,
614,131,Identify the contents of the sleeping bag,21,Mel Giedroyc,2,,2,4,2.0,2.0,1.76,,,
615,131,Identify the contents of the sleeping bag,22,Noel Fielding,5,,5,1=,5.0,4.0,4.41,,,
616,132,Prepare the items / Lift all the items in one hand,18,Hugh Dennis,2,,2,4,2.0,2.0,2.0,,,
617,132,Prepare the items / Lift all the items in one hand,19,Joe Lycett,1,,1,5,1.0,1.0,1.0,,,
618,132,Prepare the items / Lift all the items in one hand,20,Lolly Adefope,3,,3,3,3.0,3.0,3.0,,,
619,132,Prepare the items / Lift all the items in one hand,21,Mel Giedroyc,4,,4,2,4.0,4.0,4.0,,,
620,132,Prepare the items / Lift all the items in one hand,22,Noel Fielding,5,,5,1,5.0,5.0,5.0,,,
621,133,The best chair,18,Hugh Dennis,5,,5,1,5.0,5.0,5.0,,,
622,133,The best chair,19,Joe Lycett,2,,2,4,2.0,2.0,2.0,,,
623,133,The best chair,20,Lolly Adefope,3,,3,3,3.0,3.0,3.0,,,
624,133,The best chair,21,Mel Giedroyc,1,,1,5,1.0,1.0,1.0,,,
625,133,The best chair,22,Noel Fielding,4,,4,2,4.0,4.0,4.0,,,
626,134,Cross the bunting to give Alex his lunch,18,Hugh Dennis,4,,4,2,4.0,4.0,4.0,,,
627,134,Cross the bunting to give Alex his lunch,19,Joe Lycett,3,,3,3,3.0,3.0,3.0,,,
628,134,Cross the bunting to give Alex his lunch,20,Lolly Adefope,1,,1,5,1.0,1.0,1.0,,,
629,134,Cross the bunting to give Alex his lunch,21,Mel Giedroyc,2,,2,4,2.0,2.0,2.0,,,
630,134,Cross the bunting to give Alex his lunch,22,Noel Fielding,5,,5,1,5.0,5.0,5.0,,,
631,135,Hide from Alex,18,Hugh Dennis,3,,3,3=,3.0,2.5,2.81,,,
632,135,Hide from Alex,19,Joe Lycett,3,,3,3=,3.0,2.5,2.81,,,
633,135,Hide from Alex,20,Lolly Adefope,5,,5,1,5.0,5.0,4.69,,,
634,135,Hide from Alex,21,Mel Giedroyc,4,,4,2,4.0,4.0,3.75,,,
635,135,Hide from Alex,22,Noel Fielding,1,,1,5,1.0,1.0,0.938,,,
636,136,Wheelie bin obstacle course,18,Hugh Dennis,2,,2,2=,,,2.31,3.0,2.0,2.5
637,136,Wheelie bin obstacle course,19,Joe Lycett,3,,3,1=,,,3.46,5.0,3.0,3.5
638,136,Wheelie bin obstacle course,20,Lolly Adefope,3,,3,1=,,,3.46,5.0,3.0,3.5
639,136,Wheelie bin obstacle course,21,Mel Giedroyc,2,,2,2=,,,2.31,3.0,2.0,2.5
640,136,Wheelie bin obstacle course,22,Noel Fielding,3,,3,1=,,,3.46,5.0,3.0,3.5
641,137,Invent a new handshake,18,Hugh Dennis,3,,3,3=,3.0,2.0,2.5,,,
642,137,Invent a new handshake,19,Joe Lycett,5,,5,1,5.0,5.0,4.17,,,
643,137,Invent a new handshake,20,Lolly Adefope,3,,3,3=,3.0,2.0,2.5,,,
644,137,Invent a new handshake,21,Mel Giedroyc,3,,3,3=,3.0,2.0,2.5,,,
645,137,Invent a new handshake,22,Noel Fielding,4,,4,2,4.0,4.0,3.33,,,
646,138,Make the biggest and best banana,18,Hugh Dennis,3,,3,3,3.0,3.0,3.0,,,
647,138,Make the biggest and best banana,19,Joe Lycett,4,,4,2,4.0,4.0,4.0,,,
648,138,Make the biggest and best banana,20,Lolly Adefope,5,,5,1,5.0,5.0,5.0,,,
649,138,Make the biggest and best banana,21,Mel Giedroyc,1,,1,5,1.0,1.0,1.0,,,
650,138,Make the biggest and best banana,22,Noel Fielding,2,,2,4,2.0,2.0,2.0,,,
651,139,Open the jar of mayonnaise,18,Hugh Dennis,0,,0,,,,,,,
652,139,Open the jar of mayonnaise,19,Joe Lycett,0,,0,,,,,,,
653,139,Open the jar of mayonnaise,20,Lolly Adefope,0,,0,,,,,,,
654,140,The most cash,18,Hugh Dennis,1,,1,5,1.0,1.0,1.0,,,
655,140,The most cash,19,Joe Lycett,4,,4,2,4.0,4.0,4.0,,,
656,140,The most cash,20,Lolly Adefope,5,,5,1,5.0,5.0,5.0,,,
657,140,The most cash,21,Mel Giedroyc,2,,2,4,2.0,2.0,2.0,,,
658,140,The most cash,22,Noel Fielding,3,,3,3,3.0,3.0,3.0,,,
659,141,Create an exotic sandwich,18,Hugh Dennis,1,,1,5,1.0,1.0,1.0,,,
660,141,Create an exotic sandwich,19,Joe Lycett,4,,4,2,4.0,4.0,4.0,,,
661,141,Create an exotic sandwich,20,Lolly Adefope,3,,3,3,3.0,3.0,3.0,,,
662,141,Create an exotic sandwich,21,Mel Giedroyc,2,,2,4,2.0,2.0,2.0,,,
663,141,Create an exotic sandwich,22,Noel Fielding,5,,5,1,5.0,5.0,5.0,,,
664,142,Eat your exotic sandwich,18,Hugh Dennis,5,,5,1,5.0,5.0,5.0,,,
665,142,Eat your exotic sandwich,19,Joe Lycett,2,,2,4,2.0,2.0,2.0,,,
666,142,Eat your exotic sandwich,20,Lolly Adefope,3,,3,3,3.0,3.0,3.0,,,
667,142,Eat your exotic sandwich,21,Mel Giedroyc,4,1,5,2,4.0,4.0,4.0,,,
668,142,Eat your exotic sandwich,22,Noel Fielding,1,1,2,5,1.0,1.0,1.0,,,
669,143,Strike an item the farthest,18,Hugh Dennis,4,,4,2,4.0,4.0,4.0,,,
670,143,Strike an item the farthest,19,Joe Lycett,3,,3,3,3.0,3.0,3.0,,,
671,143,Strike an item the farthest,20,Lolly Adefope,1,,1,5,1.0,1.0,1.0,,,
672,143,Strike an item the farthest,21,Mel Giedroyc,2,,2,4,2.0,2.0,2.0,,,
673,143,Strike an item the farthest,22,Noel Fielding,5,,5,1,5.0,5.0,5.0,,,
674,144,Do something surprising with a duck,18,Hugh Dennis,2,,2,4,2.0,2.0,2.0,,,
675,144,Do something surprising with a duck,19,Joe Lycett,3,,3,3,3.0,3.0,3.0,,,
676,144,Do something surprising with a duck,20,Lolly Adefope,1,,1,5,1.0,1.0,1.0,,,
677,144,Do something surprising with a duck,21,Mel Giedroyc,5,,5,1,5.0,5.0,5.0,,,
678,144,Do something surprising with a duck,22,Noel Fielding,4,,4,2,4.0,4.0,4.0,,,
679,145,Draw the median duck,18,Hugh Dennis,0,,0,,,,,,,
680,145,Draw the median duck,19,Joe Lycett,0,,0,,,,,,,
681,145,Draw the median duck,20,Lolly Adefope,0,,0,,,,,,,
682,145,Draw the median duck,21,Mel Giedroyc,5,,5,1,5.0,5.0,5.0,,,
683,145,Draw the median duck,22,Noel Fielding,0,1,1,,,,,,,
684,146,The most excellent noise,23,Aisling Bea,3,,3,3,3.0,3.0,3.0,,,
685,146,The most excellent noise,24,Bob Mortimer,2,,2,4,2.0,2.0,2.0,,,
686,146,The most excellent noise,25,Mark Watson,5,,5,1,5.0,5.0,5.0,,,
687,146,The most excellent noise,26,Nish Kumar,1,,1,5,1.0,1.0,1.0,,,
688,146,The most excellent noise,27,Sally Phillips,4,,4,2,4.0,4.0,4.0,,,
689,147,Give Alex a special cuddle,23,Aisling Bea,3,,3,3,3.0,3.0,2.81,,,
690,147,Give Alex a special cuddle,24,Bob Mortimer,5,,5,1,5.0,5.0,4.69,,,
691,147,Give Alex a special cuddle,25,Mark Watson,2,,2,4=,2.0,1.5,1.88,,,
692,147,Give Alex a special cuddle,26,Nish Kumar,2,,2,4=,2.0,1.5,1.88,,,
693,147,Give Alex a special cuddle,27,Sally Phillips,4,,4,2,4.0,4.0,3.75,,,
694,148,Get Alex to dry land,23,Aisling Bea,3,,3,3,3.0,3.0,3.0,,,
695,148,Get Alex to dry land,24,Bob Mortimer,2,,2,4,2.0,2.0,2.0,,,
696,148,Get Alex to dry land,25,Mark Watson,1,,1,5,1.0,1.0,1.0,,,
697,148,Get Alex to dry land,26,Nish Kumar,5,,5,1,5.0,5.0,5.0,,,
698,148,Get Alex to dry land,27,Sally Phillips,4,,4,2,4.0,4.0,4.0,,,
699,149,Score a basket without your hands,23,Aisling Bea,3,,3,3,3.0,3.0,3.0,,,
700,149,Score a basket without your hands,24,Bob Mortimer,5,,5,1,5.0,5.0,5.0,,,
701,149,Score a basket without your hands,25,Mark Watson,4,,4,2,4.0,4.0,4.0,,,
702,149,Score a basket without your hands,26,Nish Kumar,2,,2,4,2.0,2.0,2.0,,,
703,149,Score a basket without your hands,27,Sally Phillips,,,0,,,,,,,
704,150,Get some fruit into the bowl,23,Aisling Bea,1,,1,5,1.0,1.0,1.0,,,
705,150,Get some fruit into the bowl,24,Bob Mortimer,4,,4,2,4.0,4.0,4.0,,,
706,150,Get some fruit into the bowl,25,Mark Watson,5,,5,1,5.0,5.0,5.0,,,
707,150,Get some fruit into the bowl,26,Nish Kumar,3,,3,3,3.0,3.0,3.0,,,
708,150,Get some fruit into the bowl,27,Sally Phillips,2,,2,4,2.0,2.0,2.0,,,
709,151,The hippest headwear,23,Aisling Bea,3,,3,3,3.0,3.0,3.0,,,
710,151,The hippest headwear,24,Bob Mortimer,4,,4,2,4.0,4.0,4.0,,,
711,151,The hippest headwear,25,Mark Watson,2,,2,4,2.0,2.0,2.0,,,
712,151,The hippest headwear,26,Nish Kumar,1,,1,5,1.0,1.0,1.0,,,
713,151,The hippest headwear,27,Sally Phillips,5,,5,1,5.0,5.0,5.0,,,
714,152,Make a coconut-flinging machine,23,Aisling Bea,2,,2,4=,2.0,1.5,1.88,,,
715,152,Make a coconut-flinging machine,24,Bob Mortimer,5,,5,1,5.0,5.0,4.69,,,
716,152,Make a coconut-flinging machine,25,Mark Watson,2,,2,4=,2.0,1.5,1.88,,,
717,152,Make a coconut-flinging machine,26,Nish Kumar,3,,3,3,3.0,3.0,2.81,,,
718,152,Make a coconut-flinging machine,27,Sally Phillips,4,,4,2,4.0,4.0,3.75,,,
719,153,Paint a rainbow in the dark,23,Aisling Bea,5,,5,1,5.0,5.0,5.0,,,
720,153,Paint a rainbow in the dark,24,Bob Mortimer,1,,1,5,1.0,1.0,1.0,,,
721,153,Paint a rainbow in the dark,25,Mark Watson,3,,3,3,3.0,3.0,3.0,,,
722,153,Paint a rainbow in the dark,26,Nish Kumar,2,,2,4,2.0,2.0,2.0,,,
723,153,Paint a rainbow in the dark,27,Sally Phillips,4,,4,2,4.0,4.0,4.0,,,
724,154,Slice bread using something from the caravan,23,Aisling Bea,,,0,,,,,,,
725,154,Slice bread using something from the caravan,24,Bob Mortimer,,,0,,,,,,,
726,154,Slice bread using something from the caravan,25,Mark Watson,4,,4,2,4.0,4.0,4.0,,,
727,154,Slice bread using something from the caravan,26,Nish Kumar,5,,5,1,5.0,5.0,5.0,,,
728,154,Slice bread using something from the caravan,27,Sally Phillips,,,0,,,,,,,
729,155,Create the greatest splat,23,Aisling Bea,2,,2,2=,,,2.5,3.0,2.0,2.5
730,155,Create the greatest splat,24,Bob Mortimer,2,,2,2=,,,2.5,3.0,2.0,2.5
731,155,Create the greatest splat,25,Mark Watson,3,,3,1=,,,3.75,5.0,3.0,3.5
732,155,Create the greatest splat,26,Nish Kumar,3,,3,1=,,,3.75,5.0,3.0,3.5
733,155,Create the greatest splat,27,Sally Phillips,2,,2,2=,,,2.5,3.0,2.0,2.5
734,156,Paint your own canvas,23,Aisling Bea,5,,5,1=,5.0,3.5,3.12,,,
735,156,Paint your own canvas,24,Bob Mortimer,4,,4,5,1.0,1.0,2.5,,,
736,156,Paint your own canvas,25,Mark Watson,5,,5,1=,5.0,3.5,3.12,,,
737,156,Paint your own canvas,26,Nish Kumar,5,,5,1=,5.0,3.5,3.12,,,
738,156,Paint your own canvas,27,Sally Phillips,5,,5,1=,5.0,3.5,3.12,,,
739,157,The proudest item,23,Aisling Bea,3,,3,3,3.0,3.0,3.0,,,
740,157,The proudest item,24,Bob Mortimer,5,,5,1,5.0,5.0,5.0,,,
741,157,The proudest item,25,Mark Watson,2,,2,4,2.0,2.0,2.0,,,
742,157,The proudest item,26,Nish Kumar,1,,1,5,1.0,1.0,1.0,,,
743,157,The proudest item,27,Sally Phillips,4,,4,2,4.0,4.0,4.0,,,
744,158,Retrieve the table tennis ball from the tube,23,Aisling Bea,,,0,,,,,,,
745,158,Retrieve the table tennis ball from the tube,24,Bob Mortimer,5,,5,1,5.0,5.0,5.0,,,
746,158,Retrieve the table tennis ball from the tube,25,Mark Watson,3,,3,3,3.0,3.0,3.0,,,
747,158,Retrieve the table tennis ball from the tube,26,Nish Kumar,2,,2,4,2.0,2.0,2.0,,,
748,158,Retrieve the table tennis ball from the tube,27,Sally Phillips,4,,4,2,4.0,4.0,4.0,,,
749,159,Make a coconut businessman,23,Aisling Bea,3,,3,3,3.0,3.0,3.0,,,
750,159,Make a coconut businessman,24,Bob Mortimer,1,,1,5,1.0,1.0,1.0,,,
751,159,Make a coconut businessman,25,Mark Watson,4,,4,2,4.0,4.0,4.0,,,
752,159,Make a coconut businessman,26,Nish Kumar,5,,5,1,5.0,5.0,5.0,,,
753,159,Make a coconut businessman,27,Sally Phillips,2,,2,4,2.0,2.0,2.0,,,
754,160,"Eat one item, balance one item, throw one item",23,Aisling Bea,2,,2,4,2.0,2.0,2.0,,,
755,160,"Eat one item, balance one item, throw one item",24,Bob Mortimer,4,,4,2,4.0,4.0,4.0,,,
756,160,"Eat one item, balance one item, throw one item",25,Mark Watson,3,,3,3,3.0,3.0,3.0,,,
757,160,"Eat one item, balance one item, throw one item",26,Nish Kumar,0,,0,,,,,,,
758,160,"Eat one item, balance one item, throw one item",27,Sally Phillips,5,,5,1,5.0,5.0,5.0,,,
759,161,Word table tennis,23,Aisling Bea,5,,5,1,5.0,5.0,5.0,,,
760,161,Word table tennis,24,Bob Mortimer,2,,2,4,2.0,2.0,2.0,,,
761,161,Word table tennis,25,Mark Watson,3,,3,3,3.0,3.0,3.0,,,
762,161,Word table tennis,26,Nish Kumar,4,,4,2,4.0,4.0,4.0,,,
763,161,Word table tennis,27,Sally Phillips,1,,1,5,1.0,1.0,1.0,,,
764,162,The most extraordinary souvenir,23,Aisling Bea,5,,5,1,5.0,5.0,5.0,,,
765,162,The most extraordinary souvenir,24,Bob Mortimer,1,,1,5,1.0,1.0,1.0,,,
766,162,The most extraordinary souvenir,25,Mark Watson,2,,2,4,2.0,2.0,2.0,,,
767,162,The most extraordinary souvenir,26,Nish Kumar,4,,4,2,4.0,4.0,4.0,,,
768,162,The most extraordinary souvenir,27,Sally Phillips,3,,3,3,3.0,3.0,3.0,,,
769,163,Make marmite,23,Aisling Bea,3,,3,3,3.0,3.0,3.0,,,
770,163,Make marmite,24,Bob Mortimer,5,,5,1,5.0,5.0,5.0,,,
771,163,Make marmite,25,Mark Watson,4,,4,2,4.0,4.0,4.0,,,
772,163,Make marmite,26,Nish Kumar,,,0,,,,,,,
773,163,Make marmite,27,Sally Phillips,2,,2,4,2.0,2.0,2.0,,,
774,164,Do something remarkable synchronised,23,Aisling Bea,3,,3,1=,,,3.46,5.0,3.0,3.5
775,164,Do something remarkable synchronised,24,Bob Mortimer,3,,3,1=,,,3.46,5.0,3.0,3.5
776,164,Do something remarkable synchronised,25,Mark Watson,2,,2,2=,,,2.31,3.0,2.0,2.5
777,164,Do something remarkable synchronised,26,Nish Kumar,2,,2,2=,,,2.31,3.0,2.0,2.5
778,164,Do something remarkable synchronised,27,Sally Phillips,3,,3,1=,,,3.46,5.0,3.0,3.5
779,165,Blow up a balloon to the size of a cucumber,23,Aisling Bea,3,,3,3,3.0,3.0,3.0,,,
780,165,Blow up a balloon to the size of a cucumber,24,Bob Mortimer,4,,4,2,4.0,4.0,4.0,,,
781,165,Blow up a balloon to the size of a cucumber,25,Mark Watson,5,,5,1,5.0,5.0,5.0,,,
782,165,Blow up a balloon to the size of a cucumber,26,Nish Kumar,1,,1,5,1.0,1.0,1.0,,,
783,165,Blow up a balloon to the size of a cucumber,27,Sally Phillips,2,,2,4,2.0,2.0,2.0,,,
784,166,Spot the difference,23,Aisling Bea,5,,5,1,5.0,5.0,5.0,,,
785,166,Spot the difference,24,Bob Mortimer,2,,2,4=,2.0,1.5,2.0,,,
786,166,Spot the difference,25,Mark Watson,3,,3,2=,4.0,3.5,3.0,,,
787,166,Spot the difference,26,Nish Kumar,3,,3,2=,4.0,3.5,3.0,,,
788,166,Spot the difference,27,Sally Phillips,2,,2,4=,2.0,1.5,2.0,,,
789,167,Sneeze the fastest,23,Aisling Bea,,,0,,,,,,,
790,167,Sneeze the fastest,24,Bob Mortimer,5,,5,1,5.0,5.0,5.0,,,
791,167,Sneeze the fastest,25,Mark Watson,4,,4,2,4.0,4.0,4.0,,,
792,167,Sneeze the fastest,26,Nish Kumar,0,,0,,,,,,,
793,167,Sneeze the fastest,27,Sally Phillips,,,0,,,,,,,
794,168,Greg says...,23,Aisling Bea,5,,5,1,5.0,5.0,5.0,,,
795,168,Greg says...,24,Bob Mortimer,1,,1,5,1.0,1.0,1.0,,,
796,168,Greg says...,25,Mark Watson,4,,4,2,4.0,4.0,4.0,,,
797,168,Greg says...,26,Nish Kumar,2,,2,4,2.0,2.0,2.0,,,
798,168,Greg says...,27,Sally Phillips,3,,3,3,3.0,3.0,3.0,,,
799,169,Backthrow a picture of a Swede into a bin,23,Aisling Bea,0,,0,,,,,,,
800,169,Backthrow a picture of a Swede into a bin,25,Mark Watson,0,,0,,,,,,,
801,170,The most high-octane item,23,Aisling Bea,3,,3,3,3.0,3.0,3.0,,,
802,170,The most high-octane item,24,Bob Mortimer,4,,4,2,4.0,4.0,4.0,,,
803,170,The most high-octane item,25,Mark Watson,1,,1,5,1.0,1.0,1.0,,,
804,170,The most high-octane item,26,Nish Kumar,2,,2,4,2.0,2.0,2.0,,,
805,170,The most high-octane item,27,Sally Phillips,5,,5,1,5.0,5.0,5.0,,,
806,171,Put the largest thing inside a balloon,23,Aisling Bea,5,,5,1,5.0,5.0,5.0,,,
807,171,Put the largest thing inside a balloon,24,Bob Mortimer,0,,0,,,,,,,
808,171,Put the largest thing inside a balloon,25,Mark Watson,4,,4,2,4.0,4.0,4.0,,,
809,171,Put the largest thing inside a balloon,26,Nish Kumar,0,,0,,,,,,,
810,171,Put the largest thing inside a balloon,27,Sally Phillips,0,,0,,,,,,,
811,172,Create a remarkable water cooler moment,23,Aisling Bea,2,,2,4,2.0,2.0,2.0,,,
812,172,Create a remarkable water cooler moment,24,Bob Mortimer,3,,3,3,3.0,3.0,3.0,,,
813,172,Create a remarkable water cooler moment,25,Mark Watson,1,,1,5,1.0,1.0,1.0,,,
814,172,Create a remarkable water cooler moment,26,Nish Kumar,4,,4,2,4.0,4.0,4.0,,,
815,172,Create a remarkable water cooler moment,27,Sally Phillips,5,,5,1,5.0,5.0,5.0,,,
816,173,Text the Taskmaster every day,25,Mark Watson,,,0,,,,,,,
817,174,Build a can tower & greet Alex from different countries,23,Aisling Bea,1,,1,5,1.0,1.0,0.938,,,
818,174,Build a can tower & greet Alex from different countries,24,Bob Mortimer,5,,5,1=,5.0,4.5,4.69,,,
819,174,Build a can tower & greet Alex from different countries,25,Mark Watson,5,,5,1=,5.0,4.5,4.69,,,
820,174,Build a can tower & greet Alex from different countries,26,Nish Kumar,3,,3,3,3.0,3.0,2.81,,,
821,174,Build a can tower & greet Alex from different countries,27,Sally Phillips,2,,2,4,2.0,2.0,1.88,,,
822,175,Identify the Finns,23,Aisling Bea,4,,4,2=,4.0,3.5,3.53,,,
823,175,Identify the Finns,24,Bob Mortimer,2,,2,4=,2.0,1.5,1.76,,,
824,175,Identify the Finns,25,Mark Watson,5,,5,1,5.0,5.0,4.41,,,
825,175,Identify the Finns,26,Nish Kumar,4,,4,2=,4.0,3.5,3.53,,,
826,175,Identify the Finns,27,Sally Phillips,2,,2,4=,2.0,1.5,1.76,,,
827,176,The best home-made item,23,Aisling Bea,4,,4,2,4.0,4.0,4.0,,,
828,176,The best home-made item,24,Bob Mortimer,5,,5,1,5.0,5.0,5.0,,,
829,176,The best home-made item,25,Mark Watson,1,,1,5,1.0,1.0,1.0,,,
830,176,The best home-made item,26,Nish Kumar,3,,3,3,3.0,3.0,3.0,,,
831,176,The best home-made item,27,Sally Phillips,2,,2,4,2.0,2.0,2.0,,,
832,177,Balance Alex on a see-saw,23,Aisling Bea,3,,3,3,3.0,3.0,3.0,,,
833,177,Balance Alex on a see-saw,24,Bob Mortimer,2,,2,4,2.0,2.0,2.0,,,
834,177,Balance Alex on a see-saw,25,Mark Watson,1,,1,5,1.0,1.0,1.0,,,
835,177,Balance Alex on a see-saw,26,Nish Kumar,5,,5,1,5.0,5.0,5.0,,,
836,177,Balance Alex on a see-saw,27,Sally Phillips,4,,4,2,4.0,4.0,4.0,,,
837,178,Record the most incredible PoV footage,23,Aisling Bea,4,,4,2=,4.0,3.0,3.33,,,
838,178,Record the most incredible PoV footage,24,Bob Mortimer,4,,4,2=,4.0,3.0,3.33,,,
839,178,Record the most incredible PoV footage,25,Mark Watson,4,,4,2=,4.0,3.0,3.33,,,
840,178,Record the most incredible PoV footage,26,Nish Kumar,1,,1,5,1.0,1.0,0.833,,,
841,178,Record the most incredible PoV footage,27,Sally Phillips,5,,5,1,5.0,5.0,4.17,,,
842,179,The golden pineapple portfolio,23,Aisling Bea,0,,0,,,,,,,
843,180,Light a candle using a cupcake,23,Aisling Bea,1,,1,5,1.0,1.0,1.0,,,
844,180,Light a candle using a cupcake,24,Bob Mortimer,5,,5,1,5.0,5.0,5.0,,,
845,180,Light a candle using a cupcake,25,Mark Watson,4,,4,2,4.0,4.0,4.0,,,
846,180,Light a candle using a cupcake,26,Nish Kumar,2,,2,4,2.0,2.0,2.0,,,
847,180,Light a candle using a cupcake,27,Sally Phillips,3,,3,3,3.0,3.0,3.0,,,
848,181,Make yourself monotone,23,Aisling Bea,5,,5,1,5.0,5.0,5.0,,,
849,181,Make yourself monotone,24,Bob Mortimer,2,,2,4,2.0,2.0,2.0,,,
850,181,Make yourself monotone,25,Mark Watson,3,,3,3,3.0,3.0,3.0,,,
851,181,Make yourself monotone,26,Nish Kumar,1,,1,5,1.0,1.0,1.0,,,
852,181,Make yourself monotone,27,Sally Phillips,4,,4,2,4.0,4.0,4.0,,,
853,182,Kick yoghurt at a target,24,Bob Mortimer,0,,0,,,,,,,
854,182,Kick yoghurt at a target,27,Sally Phillips,0,,0,,,,,,,
855,183,The most surprisingly expensive item,23,Aisling Bea,3,,3,3=,3.0,2.5,2.81,,,
856,183,The most surprisingly expensive item,24,Bob Mortimer,3,,3,3=,3.0,2.5,2.81,,,
857,183,The most surprisingly expensive item,25,Mark Watson,5,,5,1,5.0,5.0,4.69,,,
858,183,The most surprisingly expensive item,26,Nish Kumar,1,,1,5,1.0,1.0,0.938,,,
859,183,The most surprisingly expensive item,27,Sally Phillips,4,,4,2,4.0,4.0,3.75,,,
860,184,Travel blindfolded for three minutes and retrace your steps,23,Aisling Bea,4,,4,2,4.0,4.0,4.0,,,
861,184,Travel blindfolded for three minutes and retrace your steps,24,Bob Mortimer,5,,5,1,5.0,5.0,5.0,,,
862,184,Travel blindfolded for three minutes and retrace your steps,25,Mark Watson,2,,2,4,2.0,2.0,2.0,,,
863,184,Travel blindfolded for three minutes and retrace your steps,26,Nish Kumar,1,,1,5,1.0,1.0,1.0,,,
864,184,Travel blindfolded for three minutes and retrace your steps,27,Sally Phillips,3,,3,3,3.0,3.0,3.0,,,
865,185,Coconut bobsleigh,23,Aisling Bea,5,,5,1,5.0,5.0,5.0,,,
866,185,Coconut bobsleigh,24,Bob Mortimer,,,0,,,,,,,
867,185,Coconut bobsleigh,25,Mark Watson,3,,3,3,3.0,3.0,3.0,,,
868,185,Coconut bobsleigh,26,Nish Kumar,4,,4,2,4.0,4.0,4.0,,,
869,185,Coconut bobsleigh,27,Sally Phillips,,,0,,,,,,,
870,186,Vote for who should receive five points,23,Aisling Bea,0,,0,,,,,,,
871,186,Vote for who should receive five points,24,Bob Mortimer,0,,0,,,,,,,
872,186,Vote for who should receive five points,25,Mark Watson,-2,,-2,,,,,,,
873,186,Vote for who should receive five points,26,Nish Kumar,-2,,-2,,,,,,,
874,186,Vote for who should receive five points,27,Sally Phillips,5,,5,1,5.0,5.0,5.0,,,
875,187,Make a funny flick book,23,Aisling Bea,3,,3,3=,3.0,2.0,2.37,,,
876,187,Make a funny flick book,24,Bob Mortimer,5,,5,1=,5.0,4.5,3.95,,,
877,187,Make a funny flick book,25,Mark Watson,3,,3,3=,3.0,2.0,2.37,,,
878,187,Make a funny flick book,26,Nish Kumar,5,,5,1=,5.0,4.5,3.95,,,
879,187,Make a funny flick book,27,Sally Phillips,3,,3,3=,3.0,2.0,2.37,,,
880,188,Zipwire items to the Taskmaster,23,Aisling Bea,2,,2,4,2.0,2.0,2.0,,,
881,188,Zipwire items to the Taskmaster,24,Bob Mortimer,5,,5,1,5.0,5.0,5.0,,,
882,188,Zipwire items to the Taskmaster,25,Mark Watson,4,,4,2,4.0,4.0,4.0,,,
883,188,Zipwire items to the Taskmaster,26,Nish Kumar,3,,3,3,3.0,3.0,3.0,,,
884,188,Zipwire items to the Taskmaster,27,Sally Phillips,1,,1,5,1.0,1.0,1.0,,,
885,189,The most awkward item to take home,23,Aisling Bea,2,,2,4,2.0,2.0,2.0,,,
886,189,The most awkward item to take home,24,Bob Mortimer,1,,1,5,1.0,1.0,1.0,,,
887,189,The most awkward item to take home,25,Mark Watson,5,,5,1,5.0,5.0,5.0,,,
888,189,The most awkward item to take home,26,Nish Kumar,4,,4,2,4.0,4.0,4.0,,,
889,189,The most awkward item to take home,27,Sally Phillips,3,,3,3,3.0,3.0,3.0,,,
890,190,Transport a coconut as far as possible,23,Aisling Bea,3,,3,3,3.0,3.0,3.0,,,
891,190,Transport a coconut as far as possible,24,Bob Mortimer,4,,4,2,4.0,4.0,4.0,,,
892,190,Transport a coconut as far as possible,25,Mark Watson,,,0,,,,,,,
893,190,Transport a coconut as far as possible,26,Nish Kumar,2,,2,4,2.0,2.0,2.0,,,
894,190,Transport a coconut as far as possible,27,Sally Phillips,5,,5,1,5.0,5.0,5.0,,,
895,191,Create the best graph,23,Aisling Bea,3,,3,3=,3.0,2.0,2.5,,,
896,191,Create the best graph,24,Bob Mortimer,4,,4,2,4.0,4.0,3.33,,,
897,191,Create the best graph,25,Mark Watson,3,,3,3=,3.0,2.0,2.5,,,
898,191,Create the best graph,26,Nish Kumar,5,,5,1,5.0,5.0,4.17,,,
899,191,Create the best graph,27,Sally Phillips,3,,3,3=,3.0,2.0,2.5,,,
900,192,Make the most fish puns,1,Alex Horne,5,,5,,,,,,,
901,192,Make the most fish puns,27,Sally Phillips,0,,0,,,,,,,
902,193,Write and perform a song about a stranger,23,Aisling Bea,2,,2,2=,,,2.5,3.0,2.0,2.5
903,193,Write and perform a song about a stranger,24,Bob Mortimer,2,,2,2=,,,2.5,3.0,2.0,2.5
904,193,Write and perform a song about a stranger,25,Mark Watson,3,,3,1=,,,3.75,5.0,3.0,3.5
905,193,Write and perform a song about a stranger,26,Nish Kumar,3,,3,1=,,,3.75,5.0,3.0,3.5
906,193,Write and perform a song about a stranger,27,Sally Phillips,2,,2,2=,,,2.5,3.0,2.0,2.5
907,194,Throw an egg through a basketball hoop,23,Aisling Bea,0,,0,,,,,,,
908,194,Throw an egg through a basketball hoop,24,Bob Mortimer,5,,5,1,5.0,5.0,5.0,,,
909,194,Throw an egg through a basketball hoop,25,Mark Watson,0,,0,,,,,,,
910,194,Throw an egg through a basketball hoop,26,Nish Kumar,0,,0,,,,,,,
911,194,Throw an egg through a basketball hoop,27,Sally Phillips,4,,4,2,4.0,4.0,4.0,,,
912,195,The most embarrassing item,28,Bob Mortimer,2,,2,4,2.0,2.0,2.0,,,
913,195,The most embarrassing item,29,Josh Widdicombe,5,,5,1,5.0,5.0,5.0,,,
914,195,The most embarrassing item,30,Katherine Ryan,4,,4,2,4.0,4.0,4.0,,,
915,195,The most embarrassing item,31,Noel Fielding,1,,1,5,1.0,1.0,1.0,,,
916,195,The most embarrassing item,32,Rob Beckett,3,,3,3,3.0,3.0,3.0,,,
917,196,Throw an exercise ball into a bath or put the coconuts in a trolley,28,Bob Mortimer,2,,2,4,2.0,2.0,2.0,,,
918,196,Throw an exercise ball into a bath or put the coconuts in a trolley,29,Josh Widdicombe,1,,1,5,1.0,1.0,1.0,,,
919,196,Throw an exercise ball into a bath or put the coconuts in a trolley,30,Katherine Ryan,3,,3,3,3.0,3.0,3.0,,,
920,196,Throw an exercise ball into a bath or put the coconuts in a trolley,31,Noel Fielding,5,,5,1,5.0,5.0,5.0,,,
921,196,Throw an exercise ball into a bath or put the coconuts in a trolley,32,Rob Beckett,4,,4,2,4.0,4.0,4.0,,,
922,197,Blow something substantial off a table,28,Bob Mortimer,2,,2,4,2.0,2.0,1.88,,,
923,197,Blow something substantial off a table,29,Josh Widdicombe,4,,4,2=,4.0,3.5,3.75,,,
924,197,Blow something substantial off a table,30,Katherine Ryan,4,,4,2=,4.0,3.5,3.75,,,
925,197,Blow something substantial off a table,31,Noel Fielding,1,,1,5,1.0,1.0,0.938,,,
926,197,Blow something substantial off a table,32,Rob Beckett,5,,5,1,5.0,5.0,4.69,,,
927,198,Perform a miracle,28,Bob Mortimer,4,,4,3=,3.0,2.5,2.86,,,
928,198,Perform a miracle,29,Josh Widdicombe,5,,5,1=,5.0,4.5,3.57,,,
929,198,Perform a miracle,30,Katherine Ryan,5,,5,1=,5.0,4.5,3.57,,,
930,198,Perform a miracle,31,Noel Fielding,4,,4,3=,3.0,2.5,2.86,,,
931,198,Perform a miracle,32,Rob Beckett,3,,3,5,1.0,1.0,2.14,,,
932,199,The second longest T-word,28,Bob Mortimer,1,,1,5,1.0,1.0,0.833,,,
933,199,The second longest T-word,29,Josh Widdicombe,4,,4,2=,4.0,3.0,3.33,,,
934,199,The second longest T-word,30,Katherine Ryan,4,,4,2=,4.0,3.0,3.33,,,
935,199,The second longest T-word,31,Noel Fielding,5,,5,1,5.0,5.0,4.17,,,
936,199,The second longest T-word,32,Rob Beckett,4,,4,2=,4.0,3.0,3.33,,,
937,200,Sing along to the Taskmaster theme tune,29,Josh Widdicombe,0,,0,,,,,,,
938,201,The best thing,28,Bob Mortimer,3,,3,3=,3.0,2.5,2.81,,,
939,201,The best thing,29,Josh Widdicombe,3,,3,3=,3.0,2.5,2.81,,,
940,201,The best thing,30,Katherine Ryan,1,,1,5,1.0,1.0,0.938,,,
941,201,The best thing,31,Noel Fielding,4,,4,2,4.0,4.0,3.75,,,
942,201,The best thing,32,Rob Beckett,5,,5,1,5.0,5.0,4.69,,,
943,202,Find out what’s in the briefcase,28,Bob Mortimer,2,,2,4,2.0,2.0,2.0,,,
944,202,Find out what’s in the briefcase,29,Josh Widdicombe,4,,4,2,4.0,4.0,4.0,,,
945,202,Find out what’s in the briefcase,30,Katherine Ryan,1,,1,5,1.0,1.0,1.0,,,
946,202,Find out what’s in the briefcase,31,Noel Fielding,5,,5,1,5.0,5.0,5.0,,,
947,202,Find out what’s in the briefcase,32,Rob Beckett,3,,3,3,3.0,3.0,3.0,,,
948,203,Make a delicious mask,28,Bob Mortimer,5,,5,1,5.0,5.0,4.69,,,
949,203,Make a delicious mask,29,Josh Widdicombe,4,,4,2,4.0,4.0,3.75,,,
950,203,Make a delicious mask,30,Katherine Ryan,3,,3,3,3.0,3.0,2.81,,,
951,203,Make a delicious mask,31,Noel Fielding,2,,2,4=,2.0,1.5,1.88,,,
952,203,Make a delicious mask,32,Rob Beckett,2,,2,4=,2.0,1.5,1.88,,,
953,204,Make a mess and then clean it up,28,Bob Mortimer,1,,1,5,1.0,1.0,0.882,,,
954,204,Make a mess and then clean it up,29,Josh Widdicombe,3,,3,4,2.0,2.0,2.65,,,
955,204,Make a mess and then clean it up,30,Katherine Ryan,5,,5,1,5.0,5.0,4.41,,,
956,204,Make a mess and then clean it up,31,Noel Fielding,4,,4,2=,4.0,3.5,3.53,,,
957,204,Make a mess and then clean it up,32,Rob Beckett,4,,4,2=,4.0,3.5,3.53,,,
958,205,Record the most steps on your pedometers,28,Bob Mortimer,2,,2,4,2.0,2.0,2.0,,,
959,205,Record the most steps on your pedometers,29,Josh Widdicombe,4,,4,2,4.0,4.0,4.0,,,
960,205,Record the most steps on your pedometers,30,Katherine Ryan,5,,5,1,5.0,5.0,5.0,,,
961,205,Record the most steps on your pedometers,31,Noel Fielding,1,,1,5,1.0,1.0,1.0,,,
962,205,Record the most steps on your pedometers,32,Rob Beckett,3,,3,3,3.0,3.0,3.0,,,
963,206,The best liquid,33,Alice Levine,4,,4,2,4.0,4.0,4.0,,,
964,206,The best liquid,34,Asim Chaudhry,1,,1,4=,2.0,1.5,1.0,,,
965,206,The best liquid,35,Liza Tarbuck,3,,3,3,3.0,3.0,3.0,,,
966,206,The best liquid,36,Russell Howard,1,,1,4=,2.0,1.5,1.0,,,
967,206,The best liquid,37,Tim Vine,5,,5,1,5.0,5.0,5.0,,,
968,207,Perform the best wheelbarrow stunt,33,Alice Levine,5,,5,1,5.0,5.0,5.0,,,
969,207,Perform the best wheelbarrow stunt,34,Asim Chaudhry,1,,1,5,1.0,1.0,1.0,,,
970,207,Perform the best wheelbarrow stunt,35,Liza Tarbuck,3,,3,3,3.0,3.0,3.0,,,
971,207,Perform the best wheelbarrow stunt,36,Russell Howard,4,,4,2,4.0,4.0,4.0,,,
972,207,Perform the best wheelbarrow stunt,37,Tim Vine,2,,2,4,2.0,2.0,2.0,,,
973,208,Make the tallest lemon tower,33,Alice Levine,4,,4,2,4.0,4.0,4.0,,,
974,208,Make the tallest lemon tower,34,Asim Chaudhry,1,,1,5,1.0,1.0,1.0,,,
975,208,Make the tallest lemon tower,35,Liza Tarbuck,3,,3,3,3.0,3.0,3.0,,,
976,208,Make the tallest lemon tower,36,Russell Howard,5,,5,1,5.0,5.0,5.0,,,
977,208,Make the tallest lemon tower,37,Tim Vine,2,,2,4,2.0,2.0,2.0,,,
978,209,Return to the house wearing a hat,33,Alice Levine,5,,5,1,5.0,5.0,5.0,,,
979,209,Return to the house wearing a hat,34,Asim Chaudhry,1,,1,5,1.0,1.0,1.0,,,
980,209,Return to the house wearing a hat,35,Liza Tarbuck,3,,3,3,3.0,3.0,3.0,,,
981,209,Return to the house wearing a hat,36,Russell Howard,4,,4,2,4.0,4.0,4.0,,,
982,209,Return to the house wearing a hat,37,Tim Vine,2,,2,4,2.0,2.0,2.0,,,
983,210,Sort the objects by size using your feet,33,Alice Levine,,,0,,,,,,,
984,210,Sort the objects by size using your feet,34,Asim Chaudhry,4,,4,2=,4.0,3.5,4.0,,,
985,210,Sort the objects by size using your feet,35,Liza Tarbuck,5,,5,1,5.0,5.0,5.0,,,
986,210,Sort the objects by size using your feet,36,Russell Howard,4,,4,2=,4.0,3.5,4.0,,,
987,210,Sort the objects by size using your feet,37,Tim Vine,,,0,,,,,,,
988,211,Spin around and kick a football at the caravan,33,Alice Levine,0,,0,,,,,,,
989,211,Spin around and kick a football at the caravan,36,Russell Howard,0,,0,,,,,,,
990,212,The best non-living hairy thing,33,Alice Levine,2,,2,3=,3.0,2.5,2.0,,,
991,212,The best non-living hairy thing,34,Asim Chaudhry,1,,1,5,1.0,1.0,1.0,,,
992,212,The best non-living hairy thing,35,Liza Tarbuck,4,,4,2,4.0,4.0,4.0,,,
993,212,The best non-living hairy thing,36,Russell Howard,2,,2,3=,3.0,2.5,2.0,,,
994,212,The best non-living hairy thing,37,Tim Vine,5,,5,1,5.0,5.0,5.0,,,
995,213,Get the highest darts score,33,Alice Levine,2,,2,4,2.0,2.0,2.0,,,
996,213,Get the highest darts score,34,Asim Chaudhry,3,,3,3,3.0,3.0,3.0,,,
997,213,Get the highest darts score,35,Liza Tarbuck,5,,5,1,5.0,5.0,5.0,,,
998,213,Get the highest darts score,36,Russell Howard,1,,1,5,1.0,1.0,1.0,,,
999,213,Get the highest darts score,37,Tim Vine,4,,4,2,4.0,4.0,4.0,,,
1000,214,Keep Alex dry,33,Alice Levine,4,,4,1=,,,5.0,5.0,3.0,3.5
1001,214,Keep Alex dry,34,Asim Chaudhry,1,,1,2=,,,1.25,3.0,2.0,2.5
1002,214,Keep Alex dry,35,Liza Tarbuck,1,,1,2=,,,1.25,3.0,2.0,2.5
1003,214,Keep Alex dry,36,Russell Howard,4,,4,1=,,,5.0,5.0,3.0,3.5
1004,214,Keep Alex dry,37,Tim Vine,1,,1,2=,,,1.25,3.0,2.0,2.5
1005,215,Take a picture of people holding eggs,33,Alice Levine,2,,2,4,2.0,2.0,2.0,,,
1006,215,Take a picture of people holding eggs,34,Asim Chaudhry,3,,3,3,3.0,3.0,3.0,,,
1007,215,Take a picture of people holding eggs,35,Liza Tarbuck,5,,5,1,5.0,5.0,5.0,,,
1008,215,Take a picture of people holding eggs,36,Russell Howard,4,,4,2,4.0,4.0,4.0,,,
1009,215,Take a picture of people holding eggs,37,Tim Vine,1,,1,5,1.0,1.0,1.0,,,
1010,216,Take the wind-up man on an adventure,33,Alice Levine,3,,3,3=,3.0,2.0,2.5,,,
1011,216,Take the wind-up man on an adventure,34,Asim Chaudhry,5,,5,1,5.0,5.0,4.17,,,
1012,216,Take the wind-up man on an adventure,35,Liza Tarbuck,4,,4,2,4.0,4.0,3.33,,,
1013,216,Take the wind-up man on an adventure,36,Russell Howard,3,,3,3=,3.0,2.0,2.5,,,
1014,216,Take the wind-up man on an adventure,37,Tim Vine,3,,3,3=,3.0,2.0,2.5,,,
1015,217,Conceal grapes in your mouth or hand,33,Alice Levine,0,,0,,,,,,,
1016,217,Conceal grapes in your mouth or hand,34,Asim Chaudhry,0,,0,,,,,,,
1017,217,Conceal grapes in your mouth or hand,35,Liza Tarbuck,0,,0,,,,,,,
1018,217,Conceal grapes in your mouth or hand,36,Russell Howard,,,0,,,,,,,
1019,217,Conceal grapes in your mouth or hand,37,Tim Vine,0,,0,,,,,,,
1020,218,The most magnificent day trip,33,Alice Levine,1,,1,5,1.0,1.0,1.0,,,
1021,218,The most magnificent day trip,34,Asim Chaudhry,2,,2,4,2.0,2.0,2.0,,,
1022,218,The most magnificent day trip,35,Liza Tarbuck,4,,4,2,4.0,4.0,4.0,,,
1023,218,The most magnificent day trip,36,Russell Howard,3,,3,3,3.0,3.0,3.0,,,
1024,218,The most magnificent day trip,37,Tim Vine,5,,5,1,5.0,5.0,5.0,,,
1025,219,Write a grown-up bedtime story,33,Alice Levine,1,,1,5,1.0,1.0,1.0,,,
1026,219,Write a grown-up bedtime story,34,Asim Chaudhry,3,,3,2=,4.0,3.5,3.0,,,
1027,219,Write a grown-up bedtime story,35,Liza Tarbuck,5,,5,1,5.0,5.0,5.0,,,
1028,219,Write a grown-up bedtime story,36,Russell Howard,3,,3,2=,4.0,3.5,3.0,,,
1029,219,Write a grown-up bedtime story,37,Tim Vine,2,,2,4,2.0,2.0,2.0,,,
1030,220,Make something spin for the longest,33,Alice Levine,1,,1,5,1.0,1.0,1.0,,,
1031,220,Make something spin for the longest,34,Asim Chaudhry,4,,4,2,4.0,4.0,4.0,,,
1032,220,Make something spin for the longest,35,Liza Tarbuck,5,,5,1,5.0,5.0,5.0,,,
1033,220,Make something spin for the longest,36,Russell Howard,2,,2,4,2.0,2.0,2.0,,,
1034,220,Make something spin for the longest,37,Tim Vine,3,,3,3,3.0,3.0,3.0,,,
1035,221,Identify the baby food flavours,33,Alice Levine,2,,2,4,2.0,2.0,2.0,,,
1036,221,Identify the baby food flavours,34,Asim Chaudhry,5,1,6,1,5.0,5.0,5.0,,,
1037,221,Identify the baby food flavours,35,Liza Tarbuck,4,,4,2,4.0,4.0,4.0,,,
1038,221,Identify the baby food flavours,36,Russell Howard,3,,3,3,3.0,3.0,3.0,,,
1039,221,Identify the baby food flavours,37,Tim Vine,1,,1,5,1.0,1.0,1.0,,,
1040,222,Catch the most socks,33,Alice Levine,1,,1,5,1.0,1.0,0.833,,,
1041,222,Catch the most socks,34,Asim Chaudhry,4,,4,2=,4.0,3.0,3.33,,,
1042,222,Catch the most socks,35,Liza Tarbuck,4,,4,2=,4.0,3.0,3.33,,,
1043,222,Catch the most socks,36,Russell Howard,5,,5,1,5.0,5.0,4.17,,,
1044,222,Catch the most socks,37,Tim Vine,4,,4,2=,4.0,3.0,3.33,,,
1045,223,The most thought-provoking thing,33,Alice Levine,3,,3,3,3.0,3.0,3.0,,,
1046,223,The most thought-provoking thing,34,Asim Chaudhry,1,,1,5,1.0,1.0,1.0,,,
1047,223,The most thought-provoking thing,35,Liza Tarbuck,2,,2,4,2.0,2.0,2.0,,,
1048,223,The most thought-provoking thing,36,Russell Howard,5,,5,1,5.0,5.0,5.0,,,
1049,223,The most thought-provoking thing,37,Tim Vine,4,,4,2,4.0,4.0,4.0,,,
1050,224,Do something manly with a cardboard box,33,Alice Levine,4,,4,2=,4.0,2.5,2.86,,,
