,id,task,contestant,contestant_label,base,adjustment,points,rank,rigid,spread,scale,5+3,3+2,3½+2½,name,gender
0,51,11,6,Romesh Ranganathan,4.0,,4,2,4.0,4.0,4.0,,,,Romesh Ranganathan,M
1,52,11,7,Tim Key,2.0,,2,4,2.0,2.0,2.0,,,,Tim Key,M
2,53,12,3,Frank Skinner,4.0,,4,2,4.0,4.0,4.0,,,,Frank Skinner,M
3,54,12,4,Josh Widdicombe,2.0,,2,4,2.0,2.0,2.0,,,,Josh Widdicombe,M
4,54,12,4,Josh Widdicombe,2.0,,2,4,2.0,2.0,2.0,,,,Josh Widdicombe,M
5,55,12,5,Roisin Conaty,1.0,,1,5,1.0,1.0,1.0,,,,Roisin Conaty,F
6,56,12,6,Romesh Ranganathan,5.0,,5,1,5.0,5.0,5.0,,,,Romesh Ranganathan,M
7,57,12,7,Tim Key,3.0,,3,3,3.0,3.0,3.0,,,,Tim Key,M
8,58,13,3,Frank Skinner,4.0,,4,2,4.0,4.0,4.0,,,,Frank Skinner,M
9,59,13,4,Josh Widdicombe,,,0,,,,,,,,Josh Widdicombe,M
10,59,13,4,Josh Widdicombe,,,0,,,,,,,,Josh Widdicombe,M
11,60,13,5,Roisin Conaty,2.0,,2,4,2.0,2.0,2.0,,,,Roisin Conaty,F
12,61,13,6,Romesh Ranganathan,3.0,,3,3,3.0,3.0,3.0,,,,Romesh Ranganathan,M
13,62,13,7,Tim Key,5.0,,5,1,5.0,5.0,5.0,,,,Tim Key,M
14,63,14,3,Frank Skinner,2.0,,2,4,2.0,2.0,2.0,,,,Frank Skinner,M
15,64,14,4,Josh Widdicombe,5.0,,5,1,5.0,5.0,5.0,,,,Josh Widdicombe,M
16,64,14,4,Josh Widdicombe,5.0,,5,1,5.0,5.0,5.0,,,,Josh Widdicombe,M
17,65,14,5,Roisin Conaty,1.0,,1,5,1.0,1.0,1.0,,,,Roisin Conaty,F
18,66,14,6,Romesh Ranganathan,4.0,,4,2,4.0,4.0,4.0,,,,Romesh Ranganathan,M
19,67,14,7,Tim Key,3.0,,3,3,3.0,3.0,3.0,,,,Tim Key,M
20,68,15,3,Frank Skinner,3.0,,3,3,3.0,3.0,3.0,,,,Frank Skinner,M
21,69,15,4,Josh Widdicombe,5.0,,5,1,5.0,5.0,5.0,,,,Josh Widdicombe,M
22,69,15,4,Josh Widdicombe,5.0,,5,1,5.0,5.0,5.0,,,,Josh Widdicombe,M
23,70,15,5,Roisin Conaty,4.0,,4,2,4.0,4.0,4.0,,,,Roisin Conaty,F
24,71,15,6,Romesh Ranganathan,2.0,,2,4,2.0,2.0,2.0,,,,Romesh Ranganathan,M
25,72,15,7,Tim Key,1.0,,1,5,1.0,1.0,1.0,,,,Tim Key,M
26,73,16,3,Frank Skinner,0.0,,0,,,,,,,,Frank Skinner,M
27,74,16,4,Josh Widdicombe,5.0,,5,1,5.0,5.0,5.0,,,,Josh Widdicombe,M
28,74,16,4,Josh Widdicombe,5.0,,5,1,5.0,5.0,5.0,,,,Josh Widdicombe,M
29,75,16,5,Roisin Conaty,0.0,,0,,,,,,,,Roisin Conaty,F
30,76,16,6,Romesh Ranganathan,4.0,,4,2,4.0,4.0,4.0,,,,Romesh Ranganathan,M
31,77,16,7,Tim Key,0.0,,0,,,,,,,,Tim Key,M
32,78,17,3,Frank Skinner,2.0,,2,4,2.0,2.0,1.88,,,,Frank Skinner,M
33,79,17,4,Josh Widdicombe,5.0,,5,1,5.0,5.0,4.69,,,,Josh Widdicombe,M
34,79,17,4,Josh Widdicombe,5.0,,5,1,5.0,5.0,4.69,,,,Josh Widdicombe,M
35,80,17,5,Roisin Conaty,1.0,,1,5,1.0,1.0,0.938,,,,Roisin Conaty,F
36,81,17,6,Romesh Ranganathan,4.0,,4,2=,4.0,3.5,3.75,,,,Romesh Ranganathan,M
37,82,17,7,Tim Key,4.0,,4,2=,4.0,3.5,3.75,,,,Tim Key,M
38,83,18,4,Josh Widdicombe,0.0,,0,,,,,,,,Josh Widdicombe,M
39,83,18,4,Josh Widdicombe,0.0,,0,,,,,,,,Josh Widdicombe,M
40,84,18,6,Romesh Ranganathan,0.0,,0,,,,,,,,Romesh Ranganathan,M
41,85,19,3,Frank Skinner,3.0,,3,3,3.0,3.0,3.0,,,,Frank Skinner,M
42,86,19,4,Josh Widdicombe,4.0,,4,2,4.0,4.0,4.0,,,,Josh Widdicombe,M
43,86,19,4,Josh Widdicombe,4.0,,4,2,4.0,4.0,4.0,,,,Josh Widdicombe,M
44,87,19,5,Roisin Conaty,2.0,,2,4,2.0,2.0,2.0,,,,Roisin Conaty,F
45,88,19,6,Romesh Ranganathan,1.0,,1,5,1.0,1.0,1.0,,,,Romesh Ranganathan,M
46,89,19,7,Tim Key,5.0,,5,1,5.0,5.0,5.0,,,,Tim Key,M
47,90,20,3,Frank Skinner,4.0,,4,2,4.0,4.0,4.0,,,,Frank Skinner,M
48,91,20,4,Josh Widdicombe,5.0,,5,1,5.0,5.0,5.0,,,,Josh Widdicombe,M
49,91,20,4,Josh Widdicombe,5.0,,5,1,5.0,5.0,5.0,,,,Josh Widdicombe,M
50,92,20,5,Roisin Conaty,3.0,,3,3,3.0,3.0,3.0,,,,Roisin Conaty,F
51,93,20,6,Romesh Ranganathan,2.0,,2,4,2.0,2.0,2.0,,,,Romesh Ranganathan,M
52,94,20,7,Tim Key,1.0,,1,5,1.0,1.0,1.0,,,,Tim Key,M
53,95,21,4,Josh Widdicombe,0.0,1.0,1,,,,,,,,Josh Widdicombe,M
54,95,21,4,Josh Widdicombe,0.0,1.0,1,,,,,,,,Josh Widdicombe,M
55,96,22,4,Josh Widdicombe,0.0,,0,,,,,,,,Josh Widdicombe,M
56,96,22,4,Josh Widdicombe,0.0,,0,,,,,,,,Josh Widdicombe,M
57,97,23,3,Frank Skinner,0.0,1.0,1,,,,,,,,Frank Skinner,M
58,98,23,4,Josh Widdicombe,2.0,,2,1=,,,5.0,5.0,3.0,3.5,Josh Widdicombe,M
59,98,23,4,Josh Widdicombe,2.0,,2,1=,,,5.0,5.0,3.0,3.5,Josh Widdicombe,M
60,99,23,5,Roisin Conaty,2.0,,2,1=,,,5.0,5.0,3.0,3.5,Roisin Conaty,F
61,100,23,6,Romesh Ranganathan,2.0,,2,1=,,,5.0,5.0,3.0,3.5,Romesh Ranganathan,M
62,101,23,7,Tim Key,0.0,1.0,1,,,,,,,,Tim Key,M
63,102,24,3,Frank Skinner,5.0,,5,1,5.0,5.0,5.0,,,,Frank Skinner,M
64,103,24,4,Josh Widdicombe,3.0,,3,3,3.0,3.0,3.0,,,,Josh Widdicombe,M
65,103,24,4,Josh Widdicombe,3.0,,3,3,3.0,3.0,3.0,,,,Josh Widdicombe,M
66,104,24,5,Roisin Conaty,1.0,,1,4=,2.0,1.5,1.0,,,,Roisin Conaty,F
67,105,24,6,Romesh Ranganathan,4.0,,4,2,4.0,4.0,4.0,,,,Romesh Ranganathan,M
68,106,24,7,Tim Key,1.0,,1,4=,2.0,1.5,1.0,,,,Tim Key,M
69,107,25,4,Josh Widdicombe,0.0,,0,,,,,,,,Josh Widdicombe,M
70,107,25,4,Josh Widdicombe,0.0,,0,,,,,,,,Josh Widdicombe,M
71,108,26,3,Frank Skinner,1.0,,1,1=,5.0,3.0,3.0,,,,Frank Skinner,M
72,109,26,4,Josh Widdicombe,1.0,,1,1=,5.0,3.0,3.0,,,,Josh Widdicombe,M
73,109,26,4,Josh Widdicombe,1.0,,1,1=,5.0,3.0,3.0,,,,Josh Widdicombe,M
74,110,26,5,Roisin Conaty,1.0,,1,1=,5.0,3.0,3.0,,,,Roisin Conaty,F
75,111,26,6,Romesh Ranganathan,1.0,,1,1=,5.0,3.0,3.0,,,,Romesh Ranganathan,M
76,112,26,7,Tim Key,1.0,,1,1=,5.0,3.0,3.0,,,,Tim Key,M
77,113,27,3,Frank Skinner,4.0,,4,2,4.0,4.0,4.0,,,,Frank Skinner,M
78,114,27,4,Josh Widdicombe,5.0,,5,1,5.0,5.0,5.0,,,,Josh Widdicombe,M
79,114,27,4,Josh Widdicombe,5.0,,5,1,5.0,5.0,5.0,,,,Josh Widdicombe,M
80,115,27,5,Roisin Conaty,1.0,,1,5,1.0,1.0,1.0,,,,Roisin Conaty,F
81,116,27,6,Romesh Ranganathan,3.0,,3,3,3.0,3.0,3.0,,,,Romesh Ranganathan,M
82,117,27,7,Tim Key,2.0,,2,4,2.0,2.0,2.0,,,,Tim Key,M
83,118,28,3,Frank Skinner,4.0,,4,2,4.0,4.0,4.0,,,,Frank Skinner,M
84,119,28,4,Josh Widdicombe,5.0,,5,1,5.0,5.0,5.0,,,,Josh Widdicombe,M
85,119,28,4,Josh Widdicombe,5.0,,5,1,5.0,5.0,5.0,,,,Josh Widdicombe,M
86,120,28,5,Roisin Conaty,1.0,,1,5,1.0,1.0,1.0,,,,Roisin Conaty,F
87,121,28,6,Romesh Ranganathan,2.0,,2,4,2.0,2.0,2.0,,,,Romesh Ranganathan,M
88,122,28,7,Tim Key,3.0,,3,3,3.0,3.0,3.0,,,,Tim Key,M
89,123,29,3,Frank Skinner,3.0,,3,3,3.0,3.0,3.0,,,,Frank Skinner,M
90,124,29,4,Josh Widdicombe,5.0,,5,1,5.0,5.0,5.0,,,,Josh Widdicombe,M
91,124,29,4,Josh Widdicombe,5.0,,5,1,5.0,5.0,5.0,,,,Josh Widdicombe,M
92,125,29,5,Roisin Conaty,2.0,,2,4,2.0,2.0,2.0,,,,Roisin Conaty,F
93,126,29,6,Romesh Ranganathan,4.0,,4,2,4.0,4.0,4.0,,,,Romesh Ranganathan,M
94,127,29,7,Tim Key,1.0,,1,5,1.0,1.0,1.0,,,,Tim Key,M
95,128,30,3,Frank Skinner,2.0,,2,1=,,,5.0,5.0,3.0,3.5,Frank Skinner,M
96,129,30,4,Josh Widdicombe,0.0,,0,,,,,,,,Josh Widdicombe,M
97,129,30,4,Josh Widdicombe,0.0,,0,,,,,,,,Josh Widdicombe,M
98,130,30,5,Roisin Conaty,0.0,,0,,,,,,,,Roisin Conaty,F
99,131,30,6,Romesh Ranganathan,0.0,,0,,,,,,,,Romesh Ranganathan,M
100,132,30,7,Tim Key,2.0,,2,1=,,,5.0,5.0,3.0,3.5,Tim Key,M
101,133,31,3,Frank Skinner,3.0,,3,3,3.0,3.0,3.0,,,,Frank Skinner,M
102,134,31,4,Josh Widdicombe,1.0,,1,5,1.0,1.0,1.0,,,,Josh Widdicombe,M
103,134,31,4,Josh Widdicombe,1.0,,1,5,1.0,1.0,1.0,,,,Josh Widdicombe,M
104,135,31,5,Roisin Conaty,5.0,,5,1,5.0,5.0,5.0,,,,Roisin Conaty,F
105,136,31,6,Romesh Ranganathan,4.0,,4,2,4.0,4.0,4.0,,,,Romesh Ranganathan,M
106,137,31,7,Tim Key,2.0,,2,4,2.0,2.0,2.0,,,,Tim Key,M
107,138,32,3,Frank Skinner,4.0,,4,2,4.0,4.0,4.0,,,,Frank Skinner,M
108,139,32,4,Josh Widdicombe,2.0,,2,4,2.0,2.0,2.0,,,,Josh Widdicombe,M
109,139,32,4,Josh Widdicombe,2.0,,2,4,2.0,2.0,2.0,,,,Josh Widdicombe,M
110,140,32,5,Roisin Conaty,5.0,,5,1,5.0,5.0,5.0,,,,Roisin Conaty,F
111,141,32,6,Romesh Ranganathan,3.0,,3,3,3.0,3.0,3.0,,,,Romesh Ranganathan,M
112,142,32,7,Tim Key,,,0,,,,,,,,Tim Key,M
113,143,33,3,Frank Skinner,2.0,,2,4,2.0,2.0,2.0,,,,Frank Skinner,M
114,144,33,4,Josh Widdicombe,4.0,,4,2,4.0,4.0,4.0,,,,Josh Widdicombe,M
115,144,33,4,Josh Widdicombe,4.0,,4,2,4.0,4.0,4.0,,,,Josh Widdicombe,M
116,145,33,5,Roisin Conaty,1.0,,1,5,1.0,1.0,1.0,,,,Roisin Conaty,F
117,146,33,6,Romesh Ranganathan,3.0,,3,3,3.0,3.0,3.0,,,,Romesh Ranganathan,M
118,147,33,7,Tim Key,5.0,,5,1,5.0,5.0,5.0,,,,Tim Key,M
119,148,34,3,Frank Skinner,4.0,,4,2,4.0,4.0,4.0,,,,Frank Skinner,M
120,149,34,4,Josh Widdicombe,2.0,,2,4,2.0,2.0,2.0,,,,Josh Widdicombe,M
121,149,34,4,Josh Widdicombe,2.0,,2,4,2.0,2.0,2.0,,,,Josh Widdicombe,M
122,150,34,5,Roisin Conaty,5.0,,5,1,5.0,5.0,5.0,,,,Roisin Conaty,F
123,151,34,6,Romesh Ranganathan,1.0,,1,5,1.0,1.0,1.0,,,,Romesh Ranganathan,M
124,152,34,7,Tim Key,3.0,,3,3,3.0,3.0,3.0,,,,Tim Key,M
125,153,35,3,Frank Skinner,2.0,,2,1=,,,5.0,5.0,3.0,3.5,Frank Skinner,M
126,154,35,4,Josh Widdicombe,0.0,,0,,,,,,,,Josh Widdicombe,M
127,154,35,4,Josh Widdicombe,0.0,,0,,,,,,,,Josh Widdicombe,M
128,155,35,5,Roisin Conaty,0.0,,0,,,,,,,,Roisin Conaty,F
129,156,35,6,Romesh Ranganathan,0.0,,0,,,,,,,,Romesh Ranganathan,M
130,157,35,7,Tim Key,2.0,,2,1=,,,5.0,5.0,3.0,3.5,Tim Key,M
131,158,36,3,Frank Skinner,5.0,,5,1,5.0,5.0,5.0,,,,Frank Skinner,M
132,159,36,4,Josh Widdicombe,1.0,,1,4=,2.0,1.5,1.0,,,,Josh Widdicombe,M
133,159,36,4,Josh Widdicombe,1.0,,1,4=,2.0,1.5,1.0,,,,Josh Widdicombe,M
134,160,36,5,Roisin Conaty,1.0,,1,4=,2.0,1.5,1.0,,,,Roisin Conaty,F
135,161,36,6,Romesh Ranganathan,4.0,,4,2,4.0,4.0,4.0,,,,Romesh Ranganathan,M
136,162,36,7,Tim Key,3.0,,3,3,3.0,3.0,3.0,,,,Tim Key,M
137,163,37,3,Frank Skinner,3.0,,3,3,3.0,3.0,3.0,,,,Frank Skinner,M
138,164,37,4,Josh Widdicombe,2.0,,2,4,2.0,2.0,2.0,,,,Josh Widdicombe,M
139,164,37,4,Josh Widdicombe,2.0,,2,4,2.0,2.0,2.0,,,,Josh Widdicombe,M
140,165,37,5,Roisin Conaty,1.0,,1,5,1.0,1.0,1.0,,,,Roisin Conaty,F
141,166,37,6,Romesh Ranganathan,4.0,,4,2,4.0,4.0,4.0,,,,Romesh Ranganathan,M
142,167,37,7,Tim Key,5.0,,5,1,5.0,5.0,5.0,,,,Tim Key,M
143,168,38,8,Doc Brown,4.0,,4,2,4.0,4.0,3.75,,,,Doc Brown,M
144,169,38,9,Joe Wilkinson,5.0,,5,1,5.0,5.0,4.69,,,,Joe Wilkinson,M
145,170,38,10,Jon Richardson,2.0,,2,4=,2.0,1.5,1.88,,,,Jon Richardson,M
146,171,38,11,Katherine Ryan,3.0,,3,3,3.0,3.0,2.81,,,,Katherine Ryan,F
147,171,38,11,Katherine Ryan,3.0,,3,3,3.0,3.0,2.81,,,,Katherine Ryan,F
148,172,38,12,Richard Osman,2.0,,2,4=,2.0,1.5,1.88,,,,Richard Osman,M
149,173,39,8,Doc Brown,1.0,,1,5,1.0,1.0,1.0,,,,Doc Brown,M
150,174,39,9,Joe Wilkinson,2.0,,2,4,2.0,2.0,2.0,,,,Joe Wilkinson,M
151,175,39,10,Jon Richardson,4.0,,4,2,4.0,4.0,4.0,,,,Jon Richardson,M
152,176,39,11,Katherine Ryan,3.0,,3,3,3.0,3.0,3.0,,,,Katherine Ryan,F
153,176,39,11,Katherine Ryan,3.0,,3,3,3.0,3.0,3.0,,,,Katherine Ryan,F
154,177,39,12,Richard Osman,5.0,,5,1,5.0,5.0,5.0,,,,Richard Osman,M
155,178,40,8,Doc Brown,2.0,,2,4,2.0,2.0,2.0,,,,Doc Brown,M
156,179,40,9,Joe Wilkinson,,,0,,,,,,,,Joe Wilkinson,M
157,180,40,10,Jon Richardson,5.0,,5,1,5.0,5.0,5.0,,,,Jon Richardson,M
158,181,40,11,Katherine Ryan,3.0,,3,3,3.0,3.0,3.0,,,,Katherine Ryan,F
159,181,40,11,Katherine Ryan,3.0,,3,3,3.0,3.0,3.0,,,,Katherine Ryan,F
160,182,40,12,Richard Osman,4.0,,4,2,4.0,4.0,4.0,,,,Richard Osman,M
161,183,41,8,Doc Brown,2.0,,2,4,2.0,2.0,2.0,,,,Doc Brown,M
162,184,41,9,Joe Wilkinson,1.0,,1,5,1.0,1.0,1.0,,,,Joe Wilkinson,M
163,185,41,10,Jon Richardson,3.0,,3,3,3.0,3.0,3.0,,,,Jon Richardson,M
164,186,41,11,Katherine Ryan,5.0,,5,1,5.0,5.0,5.0,,,,Katherine Ryan,F
165,186,41,11,Katherine Ryan,5.0,,5,1,5.0,5.0,5.0,,,,Katherine Ryan,F
166,187,41,12,Richard Osman,4.0,,4,2,4.0,4.0,4.0,,,,Richard Osman,M
167,188,42,8,Doc Brown,0.0,,0,,,,,,,,Doc Brown,M
168,189,42,9,Joe Wilkinson,0.0,,0,,,,,,,,Joe Wilkinson,M
169,190,42,10,Jon Richardson,4.0,,4,2,4.0,4.0,4.0,,,,Jon Richardson,M
170,191,42,11,Katherine Ryan,3.0,,3,3,3.0,3.0,3.0,,,,Katherine Ryan,F
171,191,42,11,Katherine Ryan,3.0,,3,3,3.0,3.0,3.0,,,,Katherine Ryan,F
172,192,42,12,Richard Osman,5.0,,5,1,5.0,5.0,5.0,,,,Richard Osman,M
173,193,43,8,Doc Brown,5.0,,5,1,5.0,5.0,5.0,,,,Doc Brown,M
174,194,43,9,Joe Wilkinson,2.0,,2,4,2.0,2.0,2.0,,,,Joe Wilkinson,M
175,195,43,10,Jon Richardson,3.0,,3,3,3.0,3.0,3.0,,,,Jon Richardson,M
176,196,43,11,Katherine Ryan,4.0,,4,2,4.0,4.0,4.0,,,,Katherine Ryan,F
177,196,43,11,Katherine Ryan,4.0,,4,2,4.0,4.0,4.0,,,,Katherine Ryan,F
178,197,43,12,Richard Osman,1.0,,1,5,1.0,1.0,1.0,,,,Richard Osman,M
179,198,44,8,Doc Brown,4.0,,4,2,4.0,4.0,4.0,,,,Doc Brown,M
180,199,44,9,Joe Wilkinson,2.0,,2,4,2.0,2.0,2.0,,,,Joe Wilkinson,M
181,200,44,10,Jon Richardson,3.0,,3,3,3.0,3.0,3.0,,,,Jon Richardson,M
182,201,44,11,Katherine Ryan,0.0,,0,,,,,,,,Katherine Ryan,F
183,201,44,11,Katherine Ryan,0.0,,0,,,,,,,,Katherine Ryan,F
184,202,44,12,Richard Osman,5.0,,5,1,5.0,5.0,5.0,,,,Richard Osman,M
185,203,45,8,Doc Brown,5.0,,5,1=,5.0,4.5,3.95,,,,Doc Brown,M
186,204,45,9,Joe Wilkinson,2.0,,2,5,1.0,1.0,1.58,,,,Joe Wilkinson,M
187,205,45,10,Jon Richardson,5.0,,5,1=,5.0,4.5,3.95,,,,Jon Richardson,M
188,206,45,11,Katherine Ryan,4.0,,4,3,3.0,3.0,3.16,,,,Katherine Ryan,F
189,206,45,11,Katherine Ryan,4.0,,4,3,3.0,3.0,3.16,,,,Katherine Ryan,F
190,207,45,12,Richard Osman,3.0,,3,4,2.0,2.0,2.37,,,,Richard Osman,M
191,208,46,8,Doc Brown,1.0,,1,5,1.0,1.0,1.0,,,,Doc Brown,M
192,209,46,9,Joe Wilkinson,2.0,,2,4,2.0,2.0,2.0,,,,Joe Wilkinson,M
193,210,46,10,Jon Richardson,4.0,,4,2,4.0,4.0,4.0,,,,Jon Richardson,M
194,211,46,11,Katherine Ryan,3.0,,3,3,3.0,3.0,3.0,,,,Katherine Ryan,F
195,211,46,11,Katherine Ryan,3.0,,3,3,3.0,3.0,3.0,,,,Katherine Ryan,F
196,212,46,12,Richard Osman,5.0,,5,1,5.0,5.0,5.0,,,,Richard Osman,M
197,213,47,8,Doc Brown,2.0,1.0,3,4,2.0,2.0,2.0,,,,Doc Brown,M
198,214,47,9,Joe Wilkinson,4.0,1.0,5,2,4.0,4.0,4.0,,,,Joe Wilkinson,M
199,215,47,10,Jon Richardson,5.0,,5,1,5.0,5.0,5.0,,,,Jon Richardson,M
200,216,47,11,Katherine Ryan,3.0,1.0,4,3,3.0,3.0,3.0,,,,Katherine Ryan,F
201,216,47,11,Katherine Ryan,3.0,1.0,4,3,3.0,3.0,3.0,,,,Katherine Ryan,F
202,217,47,12,Richard Osman,1.0,,1,5,1.0,1.0,1.0,,,,Richard Osman,M
203,218,48,8,Doc Brown,0.0,,0,,,,,,,,Doc Brown,M
204,219,48,9,Joe Wilkinson,0.0,,0,,,,,,,,Joe Wilkinson,M
205,220,48,10,Jon Richardson,5.0,,5,1,5.0,5.0,5.0,,,,Jon Richardson,M
206,221,48,11,Katherine Ryan,4.0,,4,2,4.0,4.0,4.0,,,,Katherine Ryan,F
207,221,48,11,Katherine Ryan,4.0,,4,2,4.0,4.0,4.0,,,,Katherine Ryan,F
208,222,48,12,Richard Osman,,,0,,,,,,,,Richard Osman,M
209,223,49,8,Doc Brown,3.0,,3,3,3.0,3.0,3.0,,,,Doc Brown,M
210,224,49,9,Joe Wilkinson,5.0,,5,1,5.0,5.0,5.0,,,,Joe Wilkinson,M
211,225,49,10,Jon Richardson,1.0,,1,5,1.0,1.0,1.0,,,,Jon Richardson,M
212,226,49,11,Katherine Ryan,4.0,,4,2,4.0,4.0,4.0,,,,Katherine Ryan,F
213,226,49,11,Katherine Ryan,4.0,,4,2,4.0,4.0,4.0,,,,Katherine Ryan,F
214,227,49,12,Richard Osman,2.0,,2,4,2.0,2.0,2.0,,,,Richard Osman,M
215,228,50,8,Doc Brown,2.0,,2,4,2.0,2.0,2.0,,,,Doc Brown,M
216,229,50,9,Joe Wilkinson,3.0,,3,3,3.0,3.0,3.0,,,,Joe Wilkinson,M
217,230,50,10,Jon Richardson,1.0,,1,5,1.0,1.0,1.0,,,,Jon Richardson,M
218,231,50,11,Katherine Ryan,5.0,,5,1,5.0,5.0,5.0,,,,Katherine Ryan,F
219,231,50,11,Katherine Ryan,5.0,,5,1,5.0,5.0,5.0,,,,Katherine Ryan,F
220,232,50,12,Richard Osman,4.0,,4,2,4.0,4.0,4.0,,,,Richard Osman,M
221,233,51,8,Doc Brown,1.0,,1,5,1.0,1.0,1.0,,,,Doc Brown,M
222,234,51,9,Joe Wilkinson,3.0,,3,3,3.0,3.0,3.0,,,,Joe Wilkinson,M
223,235,51,10,Jon Richardson,5.0,,5,1,5.0,5.0,5.0,,,,Jon Richardson,M
224,236,51,11,Katherine Ryan,2.0,,2,4,2.0,2.0,2.0,,,,Katherine Ryan,F
225,236,51,11,Katherine Ryan,2.0,,2,4,2.0,2.0,2.0,,,,Katherine Ryan,F
226,237,51,12,Richard Osman,4.0,,4,2,4.0,4.0,4.0,,,,Richard Osman,M
227,238,52,8,Doc Brown,3.0,,3,3,3.0,3.0,3.0,,,,Doc Brown,M
228,239,52,9,Joe Wilkinson,2.0,,2,4,2.0,2.0,2.0,,,,Joe Wilkinson,M
229,240,52,10,Jon Richardson,1.0,,1,5,1.0,1.0,1.0,,,,Jon Richardson,M
230,241,52,11,Katherine Ryan,4.0,,4,2,4.0,4.0,4.0,,,,Katherine Ryan,F
231,241,52,11,Katherine Ryan,4.0,,4,2,4.0,4.0,4.0,,,,Katherine Ryan,F
232,242,52,12,Richard Osman,5.0,,5,1,5.0,5.0,5.0,,,,Richard Osman,M
233,243,53,8,Doc Brown,0.0,,0,,,,,,,,Doc Brown,M
234,244,53,9,Joe Wilkinson,0.0,,0,,,,,,,,Joe Wilkinson,M
235,245,53,10,Jon Richardson,5.0,,5,1=,,,5.0,5.0,3.0,3.5,Jon Richardson,M
236,246,53,11,Katherine Ryan,0.0,,0,,,,,,,,Katherine Ryan,F
237,246,53,11,Katherine Ryan,0.0,,0,,,,,,,,Katherine Ryan,F
238,247,53,12,Richard Osman,5.0,,5,1=,,,5.0,5.0,3.0,3.5,Richard Osman,M
241,250,54,10,Jon Richardson,4.0,,4,5,1.0,1.0,1.2,,,,Jon Richardson,M
245,253,55,8,Doc Brown,3.0,,3,3,3.0,3.0,3.0,,,,Doc Brown,M
246,254,55,9,Joe Wilkinson,4.0,,4,2,4.0,4.0,4.0,,,,Joe Wilkinson,M
247,255,55,10,Jon Richardson,5.0,,5,1,5.0,5.0,5.0,,,,Jon Richardson,M
248,256,55,11,Katherine Ryan,2.0,,2,4,2.0,2.0,2.0,,,,Katherine Ryan,F
249,256,55,11,Katherine Ryan,2.0,,2,4,2.0,2.0,2.0,,,,Katherine Ryan,F
250,257,55,12,Richard Osman,1.0,,1,5,1.0,1.0,1.0,,,,Richard Osman,M
251,258,56,8,Doc Brown,4.0,,4,2,4.0,4.0,4.0,,,,Doc Brown,M
252,259,56,9,Joe Wilkinson,3.0,,3,3,3.0,3.0,3.0,,,,Joe Wilkinson,M
253,260,56,10,Jon Richardson,2.0,,2,4,2.0,2.0,2.0,,,,Jon Richardson,M
254,261,56,11,Katherine Ryan,5.0,,5,1,5.0,5.0,5.0,,,,Katherine Ryan,F
255,261,56,11,Katherine Ryan,5.0,,5,1,5.0,5.0,5.0,,,,Katherine Ryan,F
256,262,56,12,Richard Osman,0.0,,0,,,,,,,,Richard Osman,M
257,263,57,8,Doc Brown,2.0,,2,4,2.0,2.0,2.0,,,,Doc Brown,M
258,264,57,9,Joe Wilkinson,1.0,,1,5,1.0,1.0,1.0,,,,Joe Wilkinson,M
259,265,57,10,Jon Richardson,5.0,,5,1,5.0,5.0,5.0,,,,Jon Richardson,M
260,266,57,11,Katherine Ryan,4.0,,4,2,4.0,4.0,4.0,,,,Katherine Ryan,F
261,266,57,11,Katherine Ryan,4.0,,4,2,4.0,4.0,4.0,,,,Katherine Ryan,F
262,267,57,12,Richard Osman,3.0,,3,3,3.0,3.0,3.0,,,,Richard Osman,M
263,268,58,8,Doc Brown,0.0,,0,,,,,,,,Doc Brown,M
264,269,58,9,Joe Wilkinson,0.0,,0,,,,,,,,Joe Wilkinson,M
265,270,58,10,Jon Richardson,4.0,,4,1,5.0,5.0,5.0,,,,Jon Richardson,M
266,271,58,11,Katherine Ryan,0.0,,0,,,,,,,,Katherine Ryan,F
267,271,58,11,Katherine Ryan,0.0,,0,,,,,,,,Katherine Ryan,F
268,272,58,12,Richard Osman,0.0,,0,,,,,,,,Richard Osman,M
269,273,59,8,Doc Brown,4.0,,4,1=,,,4.29,5.0,3.0,3.5,Doc Brown,M
270,274,59,9,Joe Wilkinson,4.0,,4,1=,,,4.29,5.0,3.0,3.5,Joe Wilkinson,M
271,275,59,10,Jon Richardson,1.0,,1,2=,,,1.07,3.0,2.0,2.5,Jon Richardson,M
272,276,59,11,Katherine Ryan,4.0,,4,1=,,,4.29,5.0,3.0,3.5,Katherine Ryan,F
273,276,59,11,Katherine Ryan,4.0,,4,1=,,,4.29,5.0,3.0,3.5,Katherine Ryan,F
274,277,59,12,Richard Osman,1.0,,1,2=,,,1.07,3.0,2.0,2.5,Richard Osman,M
275,278,60,8,Doc Brown,5.0,,5,1,5.0,5.0,5.0,,,,Doc Brown,M
276,279,60,9,Joe Wilkinson,0.0,,0,,,,,,,,Joe Wilkinson,M
277,280,60,10,Jon Richardson,0.0,,0,,,,,,,,Jon Richardson,M
278,281,60,11,Katherine Ryan,0.0,,0,,,,,,,,Katherine Ryan,F
279,281,60,11,Katherine Ryan,0.0,,0,,,,,,,,Katherine Ryan,F
280,282,60,12,Richard Osman,0.0,,0,,,,,,,,Richard Osman,M
281,283,61,8,Doc Brown,2.0,,2,4,2.0,2.0,2.0,,,,Doc Brown,M
282,284,61,9,Joe Wilkinson,1.0,,1,5,1.0,1.0,1.0,,,,Joe Wilkinson,M
283,285,61,10,Jon Richardson,3.0,,3,3,3.0,3.0,3.0,,,,Jon Richardson,M
284,286,61,11,Katherine Ryan,4.0,,4,2,4.0,4.0,4.0,,,,Katherine Ryan,F
285,286,61,11,Katherine Ryan,4.0,,4,2,4.0,4.0,4.0,,,,Katherine Ryan,F
286,287,61,12,Richard Osman,5.0,,5,1,5.0,5.0,5.0,,,,Richard Osman,M
287,288,62,8,Doc Brown,,,0,,,,,,,,Doc Brown,M
288,289,62,9,Joe Wilkinson,5.0,,5,1,5.0,5.0,5.0,,,,Joe Wilkinson,M
289,290,62,10,Jon Richardson,,,0,,,,,,,,Jon Richardson,M
290,291,62,11,Katherine Ryan,3.0,,3,3,3.0,3.0,3.0,,,,Katherine Ryan,F
291,291,62,11,Katherine Ryan,3.0,,3,3,3.0,3.0,3.0,,,,Katherine Ryan,F
292,292,62,12,Richard Osman,4.0,,4,2,4.0,4.0,4.0,,,,Richard Osman,M
293,293,63,8,Doc Brown,2.0,,2,2=,,,2.5,3.0,2.0,2.5,Doc Brown,M
294,294,63,9,Joe Wilkinson,2.0,,2,2=,,,2.5,3.0,2.0,2.5,Joe Wilkinson,M
295,295,63,10,Jon Richardson,3.0,,3,1=,,,3.75,5.0,3.0,3.5,Jon Richardson,M
296,296,63,11,Katherine Ryan,2.0,,2,2=,,,2.5,3.0,2.0,2.5,Katherine Ryan,F
297,296,63,11,Katherine Ryan,2.0,,2,2=,,,2.5,3.0,2.0,2.5,Katherine Ryan,F
298,297,63,12,Richard Osman,3.0,,3,1=,,,3.75,5.0,3.0,3.5,Richard Osman,M
299,298,64,8,Doc Brown,4.0,,4,2,4.0,4.0,4.0,,,,Doc Brown,M
300,299,64,9,Joe Wilkinson,3.0,,3,3,3.0,3.0,3.0,,,,Joe Wilkinson,M
301,300,64,10,Jon Richardson,5.0,,5,1,5.0,5.0,5.0,,,,Jon Richardson,M
302,301,64,11,Katherine Ryan,1.0,,1,5,1.0,1.0,1.0,,,,Katherine Ryan,F
303,301,64,11,Katherine Ryan,1.0,,1,5,1.0,1.0,1.0,,,,Katherine Ryan,F
304,302,64,12,Richard Osman,2.0,,2,4,2.0,2.0,2.0,,,,Richard Osman,M
305,303,65,8,Doc Brown,4.0,,4,2,4.0,4.0,4.0,,,,Doc Brown,M
306,304,65,9,Joe Wilkinson,0.0,,0,,,,,,,,Joe Wilkinson,M
307,305,65,10,Jon Richardson,2.0,,2,4,2.0,2.0,2.0,,,,Jon Richardson,M
308,306,65,11,Katherine Ryan,3.0,,3,3,3.0,3.0,3.0,,,,Katherine Ryan,F
309,306,65,11,Katherine Ryan,3.0,,3,3,3.0,3.0,3.0,,,,Katherine Ryan,F
310,307,65,12,Richard Osman,5.0,,5,1,5.0,5.0,5.0,,,,Richard Osman,M
311,308,66,13,Al Murray,4.0,,4,2,4.0,4.0,4.0,,,,Al Murray,M
312,309,66,14,Dave Gorman,3.0,,3,3,3.0,3.0,3.0,,,,Dave Gorman,M
313,310,66,15,Paul Chowdhry,1.0,,1,5,1.0,1.0,1.0,,,,Paul Chowdhry,M
314,311,66,16,Rob Beckett,2.0,,2,4,2.0,2.0,2.0,,,,Rob Beckett,M
315,311,66,16,Rob Beckett,2.0,,2,4,2.0,2.0,2.0,,,,Rob Beckett,M
316,312,66,17,Sara Pascoe,5.0,,5,1,5.0,5.0,5.0,,,,Sara Pascoe,F
317,313,67,13,Al Murray,4.0,,4,2,4.0,4.0,4.0,,,,Al Murray,M
318,314,67,14,Dave Gorman,2.0,,2,4,2.0,2.0,2.0,,,,Dave Gorman,M
319,315,67,15,Paul Chowdhry,0.0,,0,,,,,,,,Paul Chowdhry,M
320,316,67,16,Rob Beckett,5.0,,5,1,5.0,5.0,5.0,,,,Rob Beckett,M
321,316,67,16,Rob Beckett,5.0,,5,1,5.0,5.0,5.0,,,,Rob Beckett,M
322,317,67,17,Sara Pascoe,3.0,,3,3,3.0,3.0,3.0,,,,Sara Pascoe,F
323,318,68,13,Al Murray,5.0,,5,1,5.0,5.0,5.0,,,,Al Murray,M
324,319,68,14,Dave Gorman,,,0,,,,,,,,Dave Gorman,M
325,320,68,15,Paul Chowdhry,2.0,,2,4,2.0,2.0,2.0,,,,Paul Chowdhry,M
326,321,68,16,Rob Beckett,4.0,,4,2,4.0,4.0,4.0,,,,Rob Beckett,M
327,321,68,16,Rob Beckett,4.0,,4,2,4.0,4.0,4.0,,,,Rob Beckett,M
328,322,68,17,Sara Pascoe,3.0,,3,3,3.0,3.0,3.0,,,,Sara Pascoe,F
329,323,69,13,Al Murray,3.0,,3,3,3.0,3.0,3.0,,,,Al Murray,M
330,324,69,14,Dave Gorman,5.0,,5,1,5.0,5.0,5.0,,,,Dave Gorman,M
331,325,69,15,Paul Chowdhry,1.0,,1,5,1.0,1.0,1.0,,,,Paul Chowdhry,M
332,326,69,16,Rob Beckett,2.0,,2,4,2.0,2.0,2.0,,,,Rob Beckett,M
333,326,69,16,Rob Beckett,2.0,,2,4,2.0,2.0,2.0,,,,Rob Beckett,M
334,327,69,17,Sara Pascoe,4.0,,4,2,4.0,4.0,4.0,,,,Sara Pascoe,F
335,328,70,13,Al Murray,5.0,,5,1,5.0,5.0,5.0,,,,Al Murray,M
336,329,70,14,Dave Gorman,3.0,,3,3,3.0,3.0,3.0,,,,Dave Gorman,M
337,330,70,15,Paul Chowdhry,4.0,,4,2,4.0,4.0,4.0,,,,Paul Chowdhry,M
338,331,70,16,Rob Beckett,2.0,,2,4,2.0,2.0,2.0,,,,Rob Beckett,M
339,331,70,16,Rob Beckett,2.0,,2,4,2.0,2.0,2.0,,,,Rob Beckett,M
340,332,70,17,Sara Pascoe,1.0,,1,5,1.0,1.0,1.0,,,,Sara Pascoe,F
341,333,71,13,Al Murray,3.0,,3,3,3.0,3.0,3.0,,,,Al Murray,M
342,334,71,14,Dave Gorman,5.0,,5,1,5.0,5.0,5.0,,,,Dave Gorman,M
343,335,71,15,Paul Chowdhry,2.0,,2,4,2.0,2.0,2.0,,,,Paul Chowdhry,M
344,336,71,16,Rob Beckett,4.0,,4,2,4.0,4.0,4.0,,,,Rob Beckett,M
345,336,71,16,Rob Beckett,4.0,,4,2,4.0,4.0,4.0,,,,Rob Beckett,M
346,337,71,17,Sara Pascoe,1.0,,1,5,1.0,1.0,1.0,,,,Sara Pascoe,F
347,338,72,13,Al Murray,4.0,,4,2,4.0,4.0,4.0,,,,Al Murray,M
348,339,72,14,Dave Gorman,3.0,,3,3,3.0,3.0,3.0,,,,Dave Gorman,M
349,340,72,15,Paul Chowdhry,1.0,,1,5,1.0,1.0,1.0,,,,Paul Chowdhry,M
350,341,72,16,Rob Beckett,5.0,,5,1,5.0,5.0,5.0,,,,Rob Beckett,M
351,341,72,16,Rob Beckett,5.0,,5,1,5.0,5.0,5.0,,,,Rob Beckett,M
352,342,72,17,Sara Pascoe,2.0,,2,4,2.0,2.0,2.0,,,,Sara Pascoe,F
353,343,73,13,Al Murray,0.0,,0,,,,,,,,Al Murray,M
354,344,73,14,Dave Gorman,0.0,,0,,,,,,,,Dave Gorman,M
355,345,73,15,Paul Chowdhry,0.0,,0,,,,,,,,Paul Chowdhry,M
356,346,73,16,Rob Beckett,5.0,,5,1=,,,5.0,5.0,3.0,3.5,Rob Beckett,M
357,346,73,16,Rob Beckett,5.0,,5,1=,,,5.0,5.0,3.0,3.5,Rob Beckett,M
358,347,73,17,Sara Pascoe,5.0,,5,1=,,,5.0,5.0,3.0,3.5,Sara Pascoe,F
359,348,74,13,Al Murray,5.0,,5,1,5.0,5.0,4.69,,,,Al Murray,M
360,349,74,14,Dave Gorman,3.0,,3,3,3.0,3.0,2.81,,,,Dave Gorman,M
361,350,74,15,Paul Chowdhry,2.0,,2,4=,2.0,1.5,1.88,,,,Paul Chowdhry,M
362,351,74,16,Rob Beckett,2.0,,2,4=,2.0,1.5,1.88,,,,Rob Beckett,M
363,351,74,16,Rob Beckett,2.0,,2,4=,2.0,1.5,1.88,,,,Rob Beckett,M
364,352,74,17,Sara Pascoe,4.0,,4,2,4.0,4.0,3.75,,,,Sara Pascoe,F
365,353,75,13,Al Murray,1.0,,1,5,1.0,1.0,1.0,,,,Al Murray,M
366,354,75,14,Dave Gorman,3.0,,3,3,3.0,3.0,3.0,,,,Dave Gorman,M
367,355,75,15,Paul Chowdhry,4.0,,4,2,4.0,4.0,4.0,,,,Paul Chowdhry,M
368,356,75,16,Rob Beckett,5.0,,5,1,5.0,5.0,5.0,,,,Rob Beckett,M
369,356,75,16,Rob Beckett,5.0,,5,1,5.0,5.0,5.0,,,,Rob Beckett,M
370,357,75,17,Sara Pascoe,2.0,,2,4,2.0,2.0,2.0,,,,Sara Pascoe,F
371,358,76,13,Al Murray,5.0,,5,1,5.0,5.0,5.0,,,,Al Murray,M
372,359,76,14,Dave Gorman,3.0,,3,3,3.0,3.0,3.0,,,,Dave Gorman,M
373,360,76,15,Paul Chowdhry,4.0,,4,2,4.0,4.0,4.0,,,,Paul Chowdhry,M
374,361,76,16,Rob Beckett,0.0,,0,,,,,,,,Rob Beckett,M
375,361,76,16,Rob Beckett,0.0,,0,,,,,,,,Rob Beckett,M
376,362,76,17,Sara Pascoe,2.0,,2,4,2.0,2.0,2.0,,,,Sara Pascoe,F
377,363,77,13,Al Murray,2.0,,2,4,2.0,2.0,2.0,,,,Al Murray,M
378,364,77,14,Dave Gorman,1.0,,1,5,1.0,1.0,1.0,,,,Dave Gorman,M
379,365,77,15,Paul Chowdhry,4.0,,4,2,4.0,4.0,4.0,,,,Paul Chowdhry,M
380,366,77,16,Rob Beckett,5.0,,5,1,5.0,5.0,5.0,,,,Rob Beckett,M
381,366,77,16,Rob Beckett,5.0,,5,1,5.0,5.0,5.0,,,,Rob Beckett,M
382,367,77,17,Sara Pascoe,3.0,,3,3,3.0,3.0,3.0,,,,Sara Pascoe,F
383,368,78,13,Al Murray,,,0,,,,,,,,Al Murray,M
384,369,78,14,Dave Gorman,3.0,,3,3,3.0,3.0,3.0,,,,Dave Gorman,M
385,370,78,15,Paul Chowdhry,5.0,,5,1,5.0,5.0,5.0,,,,Paul Chowdhry,M
386,371,78,16,Rob Beckett,2.0,,2,4,2.0,2.0,2.0,,,,Rob Beckett,M
387,371,78,16,Rob Beckett,2.0,,2,4,2.0,2.0,2.0,,,,Rob Beckett,M
388,372,78,17,Sara Pascoe,4.0,,4,2,4.0,4.0,4.0,,,,Sara Pascoe,F
389,373,79,13,Al Murray,1.0,,1,4=,2.0,1.5,1.0,,,,Al Murray,M
390,374,79,14,Dave Gorman,4.0,,4,2,4.0,4.0,4.0,,,,Dave Gorman,M
391,375,79,15,Paul Chowdhry,5.0,,5,1,5.0,5.0,5.0,,,,Paul Chowdhry,M
392,376,79,16,Rob Beckett,3.0,,3,3,3.0,3.0,3.0,,,,Rob Beckett,M
393,376,79,16,Rob Beckett,3.0,,3,3,3.0,3.0,3.0,,,,Rob Beckett,M
394,377,79,17,Sara Pascoe,1.0,,1,4=,2.0,1.5,1.0,,,,Sara Pascoe,F
395,378,80,13,Al Murray,3.0,,3,3,3.0,3.0,3.0,,,,Al Murray,M
396,379,80,14,Dave Gorman,5.0,,5,1,5.0,5.0,5.0,,,,Dave Gorman,M
397,380,80,15,Paul Chowdhry,2.0,,2,4,2.0,2.0,2.0,,,,Paul Chowdhry,M
398,381,80,16,Rob Beckett,4.0,,4,2,4.0,4.0,4.0,,,,Rob Beckett,M
399,381,80,16,Rob Beckett,4.0,,4,2,4.0,4.0,4.0,,,,Rob Beckett,M
400,382,80,17,Sara Pascoe,1.0,,1,5,1.0,1.0,1.0,,,,Sara Pascoe,F
401,383,81,13,Al Murray,2.0,,2,4,2.0,2.0,2.0,,,,Al Murray,M
402,384,81,14,Dave Gorman,5.0,,5,1,5.0,5.0,5.0,,,,Dave Gorman,M
403,385,81,15,Paul Chowdhry,4.0,,4,2,4.0,4.0,4.0,,,,Paul Chowdhry,M
404,386,81,16,Rob Beckett,1.0,,1,5,1.0,1.0,1.0,,,,Rob Beckett,M
405,386,81,16,Rob Beckett,1.0,,1,5,1.0,1.0,1.0,,,,Rob Beckett,M
406,387,81,17,Sara Pascoe,3.0,,3,3,3.0,3.0,3.0,,,,Sara Pascoe,F
407,388,82,13,Al Murray,1.0,,1,5,1.0,1.0,1.0,,,,Al Murray,M
408,389,82,14,Dave Gorman,3.0,,3,3,3.0,3.0,3.0,,,,Dave Gorman,M
409,390,82,15,Paul Chowdhry,2.0,,2,4,2.0,2.0,2.0,,,,Paul Chowdhry,M
410,391,82,16,Rob Beckett,4.0,,4,2,4.0,4.0,4.0,,,,Rob Beckett,M
411,391,82,16,Rob Beckett,4.0,,4,2,4.0,4.0,4.0,,,,Rob Beckett,M
412,392,82,17,Sara Pascoe,5.0,,5,1,5.0,5.0,5.0,,,,Sara Pascoe,F
413,393,83,13,Al Murray,1.0,,1,5,1.0,1.0,1.0,,,,Al Murray,M
414,394,83,14,Dave Gorman,3.0,,3,3,3.0,3.0,3.0,,,,Dave Gorman,M
415,395,83,15,Paul Chowdhry,5.0,,5,1,5.0,5.0,5.0,,,,Paul Chowdhry,M
416,396,83,16,Rob Beckett,2.0,,2,4,2.0,2.0,2.0,,,,Rob Beckett,M
417,396,83,16,Rob Beckett,2.0,,2,4,2.0,2.0,2.0,,,,Rob Beckett,M
418,397,83,17,Sara Pascoe,4.0,,4,2,4.0,4.0,4.0,,,,Sara Pascoe,F
419,398,84,13,Al Murray,5.0,,5,1,5.0,5.0,5.0,,,,Al Murray,M
420,399,84,14,Dave Gorman,3.0,,3,3,3.0,3.0,3.0,,,,Dave Gorman,M
421,400,84,15,Paul Chowdhry,1.0,,1,5,1.0,1.0,1.0,,,,Paul Chowdhry,M
422,401,84,16,Rob Beckett,4.0,,4,2,4.0,4.0,4.0,,,,Rob Beckett,M
423,401,84,16,Rob Beckett,4.0,,4,2,4.0,4.0,4.0,,,,Rob Beckett,M
424,402,84,17,Sara Pascoe,2.0,,2,4,2.0,2.0,2.0,,,,Sara Pascoe,F
425,403,85,13,Al Murray,5.0,,5,1,5.0,5.0,5.0,,,,Al Murray,M
426,404,85,14,Dave Gorman,4.0,,4,2,4.0,4.0,4.0,,,,Dave Gorman,M
427,405,85,15,Paul Chowdhry,1.0,,1,5,1.0,1.0,1.0,,,,Paul Chowdhry,M
428,406,85,16,Rob Beckett,2.0,,2,4,2.0,2.0,2.0,,,,Rob Beckett,M
429,406,85,16,Rob Beckett,2.0,,2,4,2.0,2.0,2.0,,,,Rob Beckett,M
430,407,85,17,Sara Pascoe,3.0,,3,3,3.0,3.0,3.0,,,,Sara Pascoe,F
431,408,86,13,Al Murray,3.0,,3,1=,,,3.46,5.0,3.0,3.5,Al Murray,M
432,409,86,14,Dave Gorman,3.0,,3,1=,,,3.46,5.0,3.0,3.5,Dave Gorman,M
433,410,86,15,Paul Chowdhry,3.0,,3,1=,,,3.46,5.0,3.0,3.5,Paul Chowdhry,M
434,411,86,16,Rob Beckett,2.0,,2,2=,,,2.31,3.0,2.0,2.5,Rob Beckett,M
435,411,86,16,Rob Beckett,2.0,,2,2=,,,2.31,3.0,2.0,2.5,Rob Beckett,M
436,412,86,17,Sara Pascoe,2.0,,2,2=,,,2.31,3.0,2.0,2.5,Sara Pascoe,F
437,413,87,13,Al Murray,2.0,,2,4,2.0,2.0,2.0,,,,Al Murray,M
438,414,87,14,Dave Gorman,4.0,,4,2,4.0,4.0,4.0,,,,Dave Gorman,M
439,415,87,15,Paul Chowdhry,1.0,,1,5,1.0,1.0,1.0,,,,Paul Chowdhry,M
440,416,87,16,Rob Beckett,5.0,,5,1,5.0,5.0,5.0,,,,Rob Beckett,M
441,416,87,16,Rob Beckett,5.0,,5,1,5.0,5.0,5.0,,,,Rob Beckett,M
442,417,87,17,Sara Pascoe,3.0,,3,3,3.0,3.0,3.0,,,,Sara Pascoe,F
443,418,88,15,Paul Chowdhry,0.0,,0,,,,,,,,Paul Chowdhry,M
444,419,89,13,Al Murray,4.0,,4,2,4.0,4.0,4.0,,,,Al Murray,M
445,420,89,14,Dave Gorman,5.0,,5,1,5.0,5.0,5.0,,,,Dave Gorman,M
446,421,89,15,Paul Chowdhry,1.0,,1,4=,2.0,1.5,1.0,,,,Paul Chowdhry,M
447,422,89,16,Rob Beckett,3.0,,3,3,3.0,3.0,3.0,,,,Rob Beckett,M
448,422,89,16,Rob Beckett,3.0,,3,3,3.0,3.0,3.0,,,,Rob Beckett,M
449,423,89,17,Sara Pascoe,1.0,,1,4=,2.0,1.5,1.0,,,,Sara Pascoe,F
450,424,90,13,Al Murray,5.0,,5,1,5.0,5.0,5.0,,,,Al Murray,M
451,425,90,14,Dave Gorman,,,0,,,,,,,,Dave Gorman,M
452,426,90,15,Paul Chowdhry,3.0,,3,3,3.0,3.0,3.0,,,,Paul Chowdhry,M
453,427,90,16,Rob Beckett,4.0,,4,2,4.0,4.0,4.0,,,,Rob Beckett,M
454,427,90,16,Rob Beckett,4.0,,4,2,4.0,4.0,4.0,,,,Rob Beckett,M
455,428,90,17,Sara Pascoe,2.0,1.0,3,4,2.0,2.0,2.0,,,,Sara Pascoe,F
456,429,91,13,Al Murray,5.0,,5,1=,,,5.0,5.0,3.0,3.5,Al Murray,M
457,430,91,14,Dave Gorman,5.0,,5,1=,,,5.0,5.0,3.0,3.5,Dave Gorman,M
458,431,91,15,Paul Chowdhry,5.0,,5,1=,,,5.0,5.0,3.0,3.5,Paul Chowdhry,M
459,432,91,16,Rob Beckett,0.0,,0,,,,,,,,Rob Beckett,M
460,432,91,16,Rob Beckett,0.0,,0,,,,,,,,Rob Beckett,M
461,433,91,17,Sara Pascoe,0.0,,0,,,,,,,,Sara Pascoe,F
462,434,92,13,Al Murray,2.0,,2,5,1.0,1.0,1.67,,,,Al Murray,M
463,435,92,14,Dave Gorman,3.0,,3,3=,3.0,2.5,2.5,,,,Dave Gorman,M
464,436,92,15,Paul Chowdhry,3.0,,3,3=,3.0,2.5,2.5,,,,Paul Chowdhry,M
465,437,92,16,Rob Beckett,5.0,,5,1=,5.0,4.5,4.17,,,,Rob Beckett,M
466,437,92,16,Rob Beckett,5.0,,5,1=,5.0,4.5,4.17,,,,Rob Beckett,M
467,438,92,17,Sara Pascoe,5.0,,5,1=,5.0,4.5,4.17,,,,Sara Pascoe,F
468,439,93,13,Al Murray,0.0,,0,,,,,,,,Al Murray,M
469,440,93,14,Dave Gorman,0.0,,0,,,,,,,,Dave Gorman,M
470,441,93,15,Paul Chowdhry,0.0,,0,,,,,,,,Paul Chowdhry,M
471,442,93,16,Rob Beckett,5.0,,5,1,5.0,5.0,5.0,,,,Rob Beckett,M
472,442,93,16,Rob Beckett,5.0,,5,1,5.0,5.0,5.0,,,,Rob Beckett,M
473,443,93,17,Sara Pascoe,0.0,,0,,,,,,,,Sara Pascoe,F
474,444,94,18,Hugh Dennis,1.0,,1,5,1.0,1.0,1.0,,,,Hugh Dennis,M
475,445,94,19,Joe Lycett,2.0,,2,4,2.0,2.0,2.0,,,,Joe Lycett,M
476,446,94,20,Lolly Adefope,3.0,,3,3,3.0,3.0,3.0,,,,Lolly Adefope,F
477,447,94,21,Mel Giedroyc,4.0,,4,2,4.0,4.0,4.0,,,,Mel Giedroyc,F
478,448,94,22,Noel Fielding,5.0,,5,1,5.0,5.0,5.0,,,,Noel Fielding,M
479,448,94,22,Noel Fielding,5.0,,5,1,5.0,5.0,5.0,,,,Noel Fielding,M
480,449,95,18,Hugh Dennis,1.0,,1,5,1.0,1.0,1.0,,,,Hugh Dennis,M
481,450,95,19,Joe Lycett,5.0,,5,1,5.0,5.0,5.0,,,,Joe Lycett,M
482,451,95,20,Lolly Adefope,2.0,,2,4,2.0,2.0,2.0,,,,Lolly Adefope,F
483,452,95,21,Mel Giedroyc,3.0,,3,3,3.0,3.0,3.0,,,,Mel Giedroyc,F
484,453,95,22,Noel Fielding,4.0,,4,2,4.0,4.0,4.0,,,,Noel Fielding,M
485,453,95,22,Noel Fielding,4.0,,4,2,4.0,4.0,4.0,,,,Noel Fielding,M
486,454,96,18,Hugh Dennis,1.0,1.0,2,5,1.0,1.0,1.0,,,,Hugh Dennis,M
487,455,96,19,Joe Lycett,4.0,,4,2,4.0,4.0,4.0,,,,Joe Lycett,M
488,456,96,20,Lolly Adefope,3.0,,3,3,3.0,3.0,3.0,,,,Lolly Adefope,F
489,457,96,21,Mel Giedroyc,2.0,1.0,3,4,2.0,2.0,2.0,,,,Mel Giedroyc,F
490,458,96,22,Noel Fielding,5.0,,5,1,5.0,5.0,5.0,,,,Noel Fielding,M
491,458,96,22,Noel Fielding,5.0,,5,1,5.0,5.0,5.0,,,,Noel Fielding,M
492,459,97,18,Hugh Dennis,5.0,,5,1,5.0,5.0,5.0,,,,Hugh Dennis,M
493,460,97,19,Joe Lycett,3.0,,3,3,3.0,3.0,3.0,,,,Joe Lycett,M
494,461,97,20,Lolly Adefope,4.0,,4,2,4.0,4.0,4.0,,,,Lolly Adefope,F
495,462,97,21,Mel Giedroyc,1.0,,1,5,1.0,1.0,1.0,,,,Mel Giedroyc,F
496,463,97,22,Noel Fielding,2.0,,2,4,2.0,2.0,2.0,,,,Noel Fielding,M
497,463,97,22,Noel Fielding,2.0,,2,4,2.0,2.0,2.0,,,,Noel Fielding,M
498,464,98,18,Hugh Dennis,4.0,,4,2,4.0,4.0,4.0,,,,Hugh Dennis,M
499,465,98,19,Joe Lycett,3.0,,3,3,3.0,3.0,3.0,,,,Joe Lycett,M
500,466,98,20,Lolly Adefope,1.0,,1,5,1.0,1.0,1.0,,,,Lolly Adefope,F
501,467,98,21,Mel Giedroyc,5.0,,5,1,5.0,5.0,5.0,,,,Mel Giedroyc,F
502,468,98,22,Noel Fielding,2.0,,2,4,2.0,2.0,2.0,,,,Noel Fielding,M
503,468,98,22,Noel Fielding,2.0,,2,4,2.0,2.0,2.0,,,,Noel Fielding,M
504,469,99,18,Hugh Dennis,1.0,,1,5,1.0,1.0,1.0,,,,Hugh Dennis,M
505,470,99,19,Joe Lycett,2.0,,2,4,2.0,2.0,2.0,,,,Joe Lycett,M
506,471,99,20,Lolly Adefope,4.0,,4,2,4.0,4.0,4.0,,,,Lolly Adefope,F
507,472,99,21,Mel Giedroyc,3.0,,3,3,3.0,3.0,3.0,,,,Mel Giedroyc,F
508,473,99,22,Noel Fielding,5.0,,5,1,5.0,5.0,5.0,,,,Noel Fielding,M
509,473,99,22,Noel Fielding,5.0,,5,1,5.0,5.0,5.0,,,,Noel Fielding,M
510,474,100,18,Hugh Dennis,5.0,,5,1,5.0,5.0,5.0,,,,Hugh Dennis,M
511,475,100,19,Joe Lycett,2.0,,2,4,2.0,2.0,2.0,,,,Joe Lycett,M
512,476,100,20,Lolly Adefope,4.0,,4,2,4.0,4.0,4.0,,,,Lolly Adefope,F
513,477,100,21,Mel Giedroyc,3.0,,3,3,3.0,3.0,3.0,,,,Mel Giedroyc,F
514,478,100,22,Noel Fielding,1.0,,1,5,1.0,1.0,1.0,,,,Noel Fielding,M
515,478,100,22,Noel Fielding,1.0,,1,5,1.0,1.0,1.0,,,,Noel Fielding,M
516,479,101,18,Hugh Dennis,,,0,,,,,,,,Hugh Dennis,M
517,480,101,19,Joe Lycett,4.0,,4,2,4.0,4.0,4.0,,,,Joe Lycett,M
518,481,101,20,Lolly Adefope,2.0,,2,4,2.0,2.0,2.0,,,,Lolly Adefope,F
519,482,101,21,Mel Giedroyc,3.0,,3,3,3.0,3.0,3.0,,,,Mel Giedroyc,F
520,483,101,22,Noel Fielding,5.0,,5,1,5.0,5.0,5.0,,,,Noel Fielding,M
521,483,101,22,Noel Fielding,5.0,,5,1,5.0,5.0,5.0,,,,Noel Fielding,M
522,484,102,18,Hugh Dennis,5.0,,5,1=,,,5.0,5.0,3.0,3.5,Hugh Dennis,M
523,485,102,19,Joe Lycett,,,0,,,,,,,,Joe Lycett,M
524,486,102,20,Lolly Adefope,,,0,,,,,,,,Lolly Adefope,F
525,487,102,21,Mel Giedroyc,5.0,,5,1=,,,5.0,5.0,3.0,3.5,Mel Giedroyc,F
526,488,102,22,Noel Fielding,,,0,,,,,,,,Noel Fielding,M
527,488,102,22,Noel Fielding,,,0,,,,,,,,Noel Fielding,M
528,489,103,18,Hugh Dennis,2.0,,2,4,2.0,2.0,2.0,,,,Hugh Dennis,M
529,490,103,19,Joe Lycett,3.0,,3,3,3.0,3.0,3.0,,,,Joe Lycett,M
530,491,103,20,Lolly Adefope,5.0,,5,1,5.0,5.0,5.0,,,,Lolly Adefope,F
531,492,103,21,Mel Giedroyc,1.0,,1,5,1.0,1.0,1.0,,,,Mel Giedroyc,F
532,493,103,22,Noel Fielding,4.0,,4,2,4.0,4.0,4.0,,,,Noel Fielding,M
533,493,103,22,Noel Fielding,4.0,,4,2,4.0,4.0,4.0,,,,Noel Fielding,M
534,494,104,18,Hugh Dennis,4.0,,4,2,4.0,4.0,3.53,,,,Hugh Dennis,M
535,495,104,19,Joe Lycett,2.0,,2,5,1.0,1.0,1.76,,,,Joe Lycett,M
536,496,104,20,Lolly Adefope,3.0,,3,3=,3.0,2.5,2.65,,,,Lolly Adefope,F
537,497,104,21,Mel Giedroyc,5.0,,5,1,5.0,5.0,4.41,,,,Mel Giedroyc,F
538,498,104,22,Noel Fielding,3.0,,3,3=,3.0,2.5,2.65,,,,Noel Fielding,M
539,498,104,22,Noel Fielding,3.0,,3,3=,3.0,2.5,2.65,,,,Noel Fielding,M
540,499,105,18,Hugh Dennis,1.0,,1,5,1.0,1.0,1.0,,,,Hugh Dennis,M
541,500,105,19,Joe Lycett,3.0,,3,3,3.0,3.0,3.0,,,,Joe Lycett,M
542,501,105,20,Lolly Adefope,4.0,,4,2,4.0,4.0,4.0,,,,Lolly Adefope,F
543,502,105,21,Mel Giedroyc,2.0,,2,4,2.0,2.0,2.0,,,,Mel Giedroyc,F
544,503,105,22,Noel Fielding,5.0,,5,1,5.0,5.0,5.0,,,,Noel Fielding,M
545,503,105,22,Noel Fielding,5.0,,5,1,5.0,5.0,5.0,,,,Noel Fielding,M
546,504,106,18,Hugh Dennis,4.0,,4,2=,4.0,3.5,3.75,,,,Hugh Dennis,M
547,505,106,19,Joe Lycett,4.0,,4,2=,4.0,3.5,3.75,,,,Joe Lycett,M
548,506,106,20,Lolly Adefope,2.0,,2,4,2.0,2.0,1.88,,,,Lolly Adefope,F
549,507,106,21,Mel Giedroyc,1.0,,1,5,1.0,1.0,0.938,,,,Mel Giedroyc,F
550,508,106,22,Noel Fielding,5.0,,5,1,5.0,5.0,4.69,,,,Noel Fielding,M
551,508,106,22,Noel Fielding,5.0,,5,1,5.0,5.0,4.69,,,,Noel Fielding,M
552,509,107,18,Hugh Dennis,3.0,,3,1=,,,3.75,5.0,3.0,3.5,Hugh Dennis,M
553,510,107,19,Joe Lycett,2.0,,2,2=,,,2.5,3.0,2.0,2.5,Joe Lycett,M
554,511,107,20,Lolly Adefope,2.0,,2,2=,,,2.5,3.0,2.0,2.5,Lolly Adefope,F
555,512,107,21,Mel Giedroyc,3.0,,3,1=,,,3.75,5.0,3.0,3.5,Mel Giedroyc,F
556,513,107,22,Noel Fielding,2.0,,2,2=,,,2.5,3.0,2.0,2.5,Noel Fielding,M
557,513,107,22,Noel Fielding,2.0,,2,2=,,,2.5,3.0,2.0,2.5,Noel Fielding,M
558,514,108,18,Hugh Dennis,3.0,,3,3,3.0,3.0,3.0,,,,Hugh Dennis,M
559,515,108,19,Joe Lycett,5.0,,5,1,5.0,5.0,5.0,,,,Joe Lycett,M
560,516,108,20,Lolly Adefope,2.0,2.0,4,4,2.0,2.0,2.0,,,,Lolly Adefope,F
561,517,108,21,Mel Giedroyc,1.0,,1,5,1.0,1.0,1.0,,,,Mel Giedroyc,F
562,518,108,22,Noel Fielding,4.0,,4,2,4.0,4.0,4.0,,,,Noel Fielding,M
563,518,108,22,Noel Fielding,4.0,,4,2,4.0,4.0,4.0,,,,Noel Fielding,M
564,519,109,18,Hugh Dennis,4.0,,4,2,4.0,4.0,4.0,,,,Hugh Dennis,M
565,520,109,19,Joe Lycett,5.0,-5.0,0,1,5.0,5.0,5.0,,,,Joe Lycett,M
566,521,109,20,Lolly Adefope,,,0,,,,,,,,Lolly Adefope,F
568,523,109,22,Noel Fielding,3.0,,3,3,3.0,3.0,3.0,,,,Noel Fielding,M
569,523,109,22,Noel Fielding,3.0,,3,3,3.0,3.0,3.0,,,,Noel Fielding,M
570,524,110,18,Hugh Dennis,0.0,,0,,,,,,,,Hugh Dennis,M
571,525,110,19,Joe Lycett,5.0,,5,1,5.0,5.0,5.0,,,,Joe Lycett,M
572,526,110,20,Lolly Adefope,0.0,,0,,,,,,,,Lolly Adefope,F
573,527,110,21,Mel Giedroyc,0.0,,0,,,,,,,,Mel Giedroyc,F
574,528,110,22,Noel Fielding,0.0,,0,,,,,,,,Noel Fielding,M
575,528,110,22,Noel Fielding,0.0,,0,,,,,,,,Noel Fielding,M
576,529,111,19,Joe Lycett,0.0,,0,,,,,,,,Joe Lycett,M
577,530,111,22,Noel Fielding,0.0,,0,,,,,,,,Noel Fielding,M
578,530,111,22,Noel Fielding,0.0,,0,,,,,,,,Noel Fielding,M
579,531,112,18,Hugh Dennis,1.0,,1,5,1.0,1.0,1.0,,,,Hugh Dennis,M
580,532,112,19,Joe Lycett,4.0,,4,2,4.0,4.0,4.0,,,,Joe Lycett,M
581,533,112,20,Lolly Adefope,5.0,,5,1,5.0,5.0,5.0,,,,Lolly Adefope,F
582,534,112,21,Mel Giedroyc,3.0,,3,3,3.0,3.0,3.0,,,,Mel Giedroyc,F
583,535,112,22,Noel Fielding,2.0,,2,4,2.0,2.0,2.0,,,,Noel Fielding,M
584,535,112,22,Noel Fielding,2.0,,2,4,2.0,2.0,2.0,,,,Noel Fielding,M
585,536,113,18,Hugh Dennis,2.0,,2,4,2.0,2.0,2.0,,,,Hugh Dennis,M
586,537,113,19,Joe Lycett,3.0,,3,3,3.0,3.0,3.0,,,,Joe Lycett,M
587,538,113,20,Lolly Adefope,1.0,,1,5,1.0,1.0,1.0,,,,Lolly Adefope,F
588,539,113,21,Mel Giedroyc,4.0,,4,2,4.0,4.0,4.0,,,,Mel Giedroyc,F
589,540,113,22,Noel Fielding,5.0,,5,1,5.0,5.0,5.0,,,,Noel Fielding,M
590,540,113,22,Noel Fielding,5.0,,5,1,5.0,5.0,5.0,,,,Noel Fielding,M
591,541,114,18,Hugh Dennis,1.0,,1,5,1.0,1.0,0.938,,,,Hugh Dennis,M
592,542,114,19,Joe Lycett,2.0,,2,4,2.0,2.0,1.88,,,,Joe Lycett,M
593,543,114,20,Lolly Adefope,3.0,,3,3,3.0,3.0,2.81,,,,Lolly Adefope,F
594,544,114,21,Mel Giedroyc,5.0,,5,1=,5.0,4.5,4.69,,,,Mel Giedroyc,F
595,545,114,22,Noel Fielding,5.0,,5,1=,5.0,4.5,4.69,,,,Noel Fielding,M
596,545,114,22,Noel Fielding,5.0,,5,1=,5.0,4.5,4.69,,,,Noel Fielding,M
597,546,115,18,Hugh Dennis,3.0,,3,3,3.0,3.0,2.81,,,,Hugh Dennis,M
598,547,115,19,Joe Lycett,4.0,,4,2,4.0,4.0,3.75,,,,Joe Lycett,M
599,548,115,20,Lolly Adefope,2.0,,2,4=,2.0,1.5,1.88,,,,Lolly Adefope,F
600,549,115,21,Mel Giedroyc,2.0,,2,4=,2.0,1.5,1.88,,,,Mel Giedroyc,F
601,550,115,22,Noel Fielding,5.0,,5,1,5.0,5.0,4.69,,,,Noel Fielding,M
602,550,115,22,Noel Fielding,5.0,,5,1,5.0,5.0,4.69,,,,Noel Fielding,M
603,551,116,18,Hugh Dennis,5.0,,5,1=,5.0,4.5,4.41,,,,Hugh Dennis,M
604,552,116,19,Joe Lycett,3.0,,3,3=,3.0,2.5,2.65,,,,Joe Lycett,M
605,553,116,20,Lolly Adefope,1.0,,1,5,1.0,1.0,0.882,,,,Lolly Adefope,F
606,554,116,21,Mel Giedroyc,5.0,,5,1=,5.0,4.5,4.41,,,,Mel Giedroyc,F
607,555,116,22,Noel Fielding,3.0,,3,3=,3.0,2.5,2.65,,,,Noel Fielding,M
608,555,116,22,Noel Fielding,3.0,,3,3=,3.0,2.5,2.65,,,,Noel Fielding,M
609,556,117,18,Hugh Dennis,5.0,,5,1=,5.0,4.5,3.95,,,,Hugh Dennis,M
610,557,117,19,Joe Lycett,3.0,,3,3=,3.0,2.0,2.37,,,,Joe Lycett,M
611,558,117,20,Lolly Adefope,3.0,,3,3=,3.0,2.0,2.37,,,,Lolly Adefope,F
612,559,117,21,Mel Giedroyc,5.0,,5,1=,5.0,4.5,3.95,,,,Mel Giedroyc,F
613,560,117,22,Noel Fielding,3.0,,3,3=,3.0,2.0,2.37,,,,Noel Fielding,M
614,560,117,22,Noel Fielding,3.0,,3,3=,3.0,2.0,2.37,,,,Noel Fielding,M
615,561,118,18,Hugh Dennis,1.0,,1,5,1.0,1.0,1.0,,,,Hugh Dennis,M
616,562,118,19,Joe Lycett,4.0,,4,2,4.0,4.0,4.0,,,,Joe Lycett,M
617,563,118,20,Lolly Adefope,5.0,,5,1,5.0,5.0,5.0,,,,Lolly Adefope,F
618,564,118,21,Mel Giedroyc,2.0,,2,4,2.0,2.0,2.0,,,,Mel Giedroyc,F
619,565,118,22,Noel Fielding,3.0,,3,3,3.0,3.0,3.0,,,,Noel Fielding,M
620,565,118,22,Noel Fielding,3.0,,3,3,3.0,3.0,3.0,,,,Noel Fielding,M
621,566,119,18,Hugh Dennis,4.0,,4,2,4.0,4.0,4.0,,,,Hugh Dennis,M
622,567,119,19,Joe Lycett,2.0,,2,4,2.0,2.0,2.0,,,,Joe Lycett,M
623,568,119,20,Lolly Adefope,1.0,,1,5,1.0,1.0,1.0,,,,Lolly Adefope,F
624,569,119,21,Mel Giedroyc,5.0,,5,1,5.0,5.0,5.0,,,,Mel Giedroyc,F
625,570,119,22,Noel Fielding,3.0,,3,3,3.0,3.0,3.0,,,,Noel Fielding,M
626,570,119,22,Noel Fielding,3.0,,3,3,3.0,3.0,3.0,,,,Noel Fielding,M
627,571,120,18,Hugh Dennis,3.0,,3,3,3.0,3.0,3.0,,,,Hugh Dennis,M
628,572,120,19,Joe Lycett,4.0,1.0,5,2,4.0,4.0,4.0,,,,Joe Lycett,M
629,573,120,20,Lolly Adefope,5.0,,5,1,5.0,5.0,5.0,,,,Lolly Adefope,F
630,574,120,21,Mel Giedroyc,2.0,,2,4,2.0,2.0,2.0,,,,Mel Giedroyc,F
631,575,120,22,Noel Fielding,,1.0,1,,,,,,,,Noel Fielding,M
632,575,120,22,Noel Fielding,,1.0,1,,,,,,,,Noel Fielding,M
633,576,121,18,Hugh Dennis,5.0,,5,1=,,,5.0,5.0,3.0,3.5,Hugh Dennis,M
634,577,121,19,Joe Lycett,0.0,,0,,,,,,,,Joe Lycett,M
635,578,121,20,Lolly Adefope,0.0,,0,,,,,,,,Lolly Adefope,F
636,579,121,21,Mel Giedroyc,5.0,,5,1=,,,5.0,5.0,3.0,3.5,Mel Giedroyc,F
637,580,121,22,Noel Fielding,0.0,,0,,,,,,,,Noel Fielding,M
638,580,121,22,Noel Fielding,0.0,,0,,,,,,,,Noel Fielding,M
639,581,122,18,Hugh Dennis,3.0,,3,3,3.0,3.0,3.0,,,,Hugh Dennis,M
640,582,122,19,Joe Lycett,2.0,,2,4,2.0,2.0,2.0,,,,Joe Lycett,M
641,583,122,20,Lolly Adefope,1.0,,1,5,1.0,1.0,1.0,,,,Lolly Adefope,F
642,584,122,21,Mel Giedroyc,5.0,,5,1,5.0,5.0,5.0,,,,Mel Giedroyc,F
643,585,122,22,Noel Fielding,4.0,,4,2,4.0,4.0,4.0,,,,Noel Fielding,M
644,585,122,22,Noel Fielding,4.0,,4,2,4.0,4.0,4.0,,,,Noel Fielding,M
645,586,123,18,Hugh Dennis,4.0,1.0,5,2,4.0,4.0,4.0,,,,Hugh Dennis,M
646,587,123,19,Joe Lycett,5.0,,5,1,5.0,5.0,5.0,,,,Joe Lycett,M
647,588,123,20,Lolly Adefope,3.0,,3,3,3.0,3.0,3.0,,,,Lolly Adefope,F
648,589,123,21,Mel Giedroyc,2.0,,2,4,2.0,2.0,2.0,,,,Mel Giedroyc,F
649,590,123,22,Noel Fielding,1.0,,1,5,1.0,1.0,1.0,,,,Noel Fielding,M
650,590,123,22,Noel Fielding,1.0,,1,5,1.0,1.0,1.0,,,,Noel Fielding,M
651,591,124,18,Hugh Dennis,0.0,,0,,,,,,,,Hugh Dennis,M
652,592,124,21,Mel Giedroyc,0.0,,0,,,,,,,,Mel Giedroyc,F
653,593,125,18,Hugh Dennis,2.0,,2,4,2.0,2.0,2.0,,,,Hugh Dennis,M
654,594,125,19,Joe Lycett,3.0,,3,2=,4.0,3.5,3.0,,,,Joe Lycett,M
655,595,125,20,Lolly Adefope,5.0,,5,1,5.0,5.0,5.0,,,,Lolly Adefope,F
656,596,125,21,Mel Giedroyc,1.0,,1,5,1.0,1.0,1.0,,,,Mel Giedroyc,F
657,597,125,22,Noel Fielding,3.0,,3,2=,4.0,3.5,3.0,,,,Noel Fielding,M
658,597,125,22,Noel Fielding,3.0,,3,2=,4.0,3.5,3.0,,,,Noel Fielding,M
659,598,126,18,Hugh Dennis,4.0,,4,2,4.0,4.0,4.0,,,,Hugh Dennis,M
660,599,126,19,Joe Lycett,2.0,,2,4,2.0,2.0,2.0,,,,Joe Lycett,M
661,600,126,20,Lolly Adefope,3.0,,3,3,3.0,3.0,3.0,,,,Lolly Adefope,F
662,601,126,21,Mel Giedroyc,5.0,,5,1,5.0,5.0,5.0,,,,Mel Giedroyc,F
663,602,126,22,Noel Fielding,1.0,,1,5,1.0,1.0,1.0,,,,Noel Fielding,M
664,602,126,22,Noel Fielding,1.0,,1,5,1.0,1.0,1.0,,,,Noel Fielding,M
665,603,127,18,Hugh Dennis,5.0,,5,1,5.0,5.0,5.0,,,,Hugh Dennis,M
666,604,127,19,Joe Lycett,2.0,1.0,3,4,2.0,2.0,2.0,,,,Joe Lycett,M
667,605,127,20,Lolly Adefope,3.0,,3,3,3.0,3.0,3.0,,,,Lolly Adefope,F
668,606,127,21,Mel Giedroyc,4.0,,4,2,4.0,4.0,4.0,,,,Mel Giedroyc,F
669,607,127,22,Noel Fielding,1.0,,1,5,1.0,1.0,1.0,,,,Noel Fielding,M
670,607,127,22,Noel Fielding,1.0,,1,5,1.0,1.0,1.0,,,,Noel Fielding,M
671,608,128,21,Mel Giedroyc,0.0,,0,,,,,,,,Mel Giedroyc,F
672,609,129,21,Mel Giedroyc,0.0,,0,,,,,,,,Mel Giedroyc,F
673,610,130,21,Mel Giedroyc,0.0,,0,,,,,,,,Mel Giedroyc,F
674,611,131,18,Hugh Dennis,,,0,,,,,,,,Hugh Dennis,M
675,612,131,19,Joe Lycett,5.0,,5,1=,5.0,4.0,4.41,,,,Joe Lycett,M
676,613,131,20,Lolly Adefope,5.0,,5,1=,5.0,4.0,4.41,,,,Lolly Adefope,F
677,614,131,21,Mel Giedroyc,2.0,,2,4,2.0,2.0,1.76,,,,Mel Giedroyc,F
678,615,131,22,Noel Fielding,5.0,,5,1=,5.0,4.0,4.41,,,,Noel Fielding,M
679,615,131,22,Noel Fielding,5.0,,5,1=,5.0,4.0,4.41,,,,Noel Fielding,M
680,616,132,18,Hugh Dennis,2.0,,2,4,2.0,2.0,2.0,,,,Hugh Dennis,M
681,617,132,19,Joe Lycett,1.0,,1,5,1.0,1.0,1.0,,,,Joe Lycett,M
682,618,132,20,Lolly Adefope,3.0,,3,3,3.0,3.0,3.0,,,,Lolly Adefope,F
683,619,132,21,Mel Giedroyc,4.0,,4,2,4.0,4.0,4.0,,,,Mel Giedroyc,F
684,620,132,22,Noel Fielding,5.0,,5,1,5.0,5.0,5.0,,,,Noel Fielding,M
685,620,132,22,Noel Fielding,5.0,,5,1,5.0,5.0,5.0,,,,Noel Fielding,M
686,621,133,18,Hugh Dennis,5.0,,5,1,5.0,5.0,5.0,,,,Hugh Dennis,M
687,622,133,19,Joe Lycett,2.0,,2,4,2.0,2.0,2.0,,,,Joe Lycett,M
688,623,133,20,Lolly Adefope,3.0,,3,3,3.0,3.0,3.0,,,,Lolly Adefope,F
689,624,133,21,Mel Giedroyc,1.0,,1,5,1.0,1.0,1.0,,,,Mel Giedroyc,F
690,625,133,22,Noel Fielding,4.0,,4,2,4.0,4.0,4.0,,,,Noel Fielding,M
691,625,133,22,Noel Fielding,4.0,,4,2,4.0,4.0,4.0,,,,Noel Fielding,M
692,626,134,18,Hugh Dennis,4.0,,4,2,4.0,4.0,4.0,,,,Hugh Dennis,M
693,627,134,19,Joe Lycett,3.0,,3,3,3.0,3.0,3.0,,,,Joe Lycett,M
694,628,134,20,Lolly Adefope,1.0,,1,5,1.0,1.0,1.0,,,,Lolly Adefope,F
695,629,134,21,Mel Giedroyc,2.0,,2,4,2.0,2.0,2.0,,,,Mel Giedroyc,F
696,630,134,22,Noel Fielding,5.0,,5,1,5.0,5.0,5.0,,,,Noel Fielding,M
697,630,134,22,Noel Fielding,5.0,,5,1,5.0,5.0,5.0,,,,Noel Fielding,M
698,631,135,18,Hugh Dennis,3.0,,3,3=,3.0,2.5,2.81,,,,Hugh Dennis,M
699,632,135,19,Joe Lycett,3.0,,3,3=,3.0,2.5,2.81,,,,Joe Lycett,M
700,633,135,20,Lolly Adefope,5.0,,5,1,5.0,5.0,4.69,,,,Lolly Adefope,F
701,634,135,21,Mel Giedroyc,4.0,,4,2,4.0,4.0,3.75,,,,Mel Giedroyc,F
702,635,135,22,Noel Fielding,1.0,,1,5,1.0,1.0,0.938,,,,Noel Fielding,M
703,635,135,22,Noel Fielding,1.0,,1,5,1.0,1.0,0.938,,,,Noel Fielding,M
704,636,136,18,Hugh Dennis,2.0,,2,2=,,,2.31,3.0,2.0,2.5,Hugh Dennis,M
705,637,136,19,Joe Lycett,3.0,,3,1=,,,3.46,5.0,3.0,3.5,Joe Lycett,M
706,638,136,20,Lolly Adefope,3.0,,3,1=,,,3.46,5.0,3.0,3.5,Lolly Adefope,F
707,639,136,21,Mel Giedroyc,2.0,,2,2=,,,2.31,3.0,2.0,2.5,Mel Giedroyc,F
708,640,136,22,Noel Fielding,3.0,,3,1=,,,3.46,5.0,3.0,3.5,Noel Fielding,M
709,640,136,22,Noel Fielding,3.0,,3,1=,,,3.46,5.0,3.0,3.5,Noel Fielding,M
710,641,137,18,Hugh Dennis,3.0,,3,3=,3.0,2.0,2.5,,,,Hugh Dennis,M
711,642,137,19,Joe Lycett,5.0,,5,1,5.0,5.0,4.17,,,,Joe Lycett,M
712,643,137,20,Lolly Adefope,3.0,,3,3=,3.0,2.0,2.5,,,,Lolly Adefope,F
713,644,137,21,Mel Giedroyc,3.0,,3,3=,3.0,2.0,2.5,,,,Mel Giedroyc,F
714,645,137,22,Noel Fielding,4.0,,4,2,4.0,4.0,3.33,,,,Noel Fielding,M
715,645,137,22,Noel Fielding,4.0,,4,2,4.0,4.0,3.33,,,,Noel Fielding,M
716,646,138,18,Hugh Dennis,3.0,,3,3,3.0,3.0,3.0,,,,Hugh Dennis,M
717,647,138,19,Joe Lycett,4.0,,4,2,4.0,4.0,4.0,,,,Joe Lycett,M
718,648,138,20,Lolly Adefope,5.0,,5,1,5.0,5.0,5.0,,,,Lolly Adefope,F
719,649,138,21,Mel Giedroyc,1.0,,1,5,1.0,1.0,1.0,,,,Mel Giedroyc,F
720,650,138,22,Noel Fielding,2.0,,2,4,2.0,2.0,2.0,,,,Noel Fielding,M
721,650,138,22,Noel Fielding,2.0,,2,4,2.0,2.0,2.0,,,,Noel Fielding,M
722,651,139,18,Hugh Dennis,0.0,,0,,,,,,,,Hugh Dennis,M
723,652,139,19,Joe Lycett,0.0,,0,,,,,,,,Joe Lycett,M
724,653,139,20,Lolly Adefope,0.0,,0,,,,,,,,Lolly Adefope,F
725,654,140,18,Hugh Dennis,1.0,,1,5,1.0,1.0,1.0,,,,Hugh Dennis,M
726,655,140,19,Joe Lycett,4.0,,4,2,4.0,4.0,4.0,,,,Joe Lycett,M
727,656,140,20,Lolly Adefope,5.0,,5,1,5.0,5.0,5.0,,,,Lolly Adefope,F
728,657,140,21,Mel Giedroyc,2.0,,2,4,2.0,2.0,2.0,,,,Mel Giedroyc,F
729,658,140,22,Noel Fielding,3.0,,3,3,3.0,3.0,3.0,,,,Noel Fielding,M
730,658,140,22,Noel Fielding,3.0,,3,3,3.0,3.0,3.0,,,,Noel Fielding,M
731,659,141,18,Hugh Dennis,1.0,,1,5,1.0,1.0,1.0,,,,Hugh Dennis,M
732,660,141,19,Joe Lycett,4.0,,4,2,4.0,4.0,4.0,,,,Joe Lycett,M
733,661,141,20,Lolly Adefope,3.0,,3,3,3.0,3.0,3.0,,,,Lolly Adefope,F
734,662,141,21,Mel Giedroyc,2.0,,2,4,2.0,2.0,2.0,,,,Mel Giedroyc,F
735,663,141,22,Noel Fielding,5.0,,5,1,5.0,5.0,5.0,,,,Noel Fielding,M
736,663,141,22,Noel Fielding,5.0,,5,1,5.0,5.0,5.0,,,,Noel Fielding,M
737,664,142,18,Hugh Dennis,5.0,,5,1,5.0,5.0,5.0,,,,Hugh Dennis,M
738,665,142,19,Joe Lycett,2.0,,2,4,2.0,2.0,2.0,,,,Joe Lycett,M
739,666,142,20,Lolly Adefope,3.0,,3,3,3.0,3.0,3.0,,,,Lolly Adefope,F
740,667,142,21,Mel Giedroyc,4.0,1.0,5,2,4.0,4.0,4.0,,,,Mel Giedroyc,F
741,668,142,22,Noel Fielding,1.0,1.0,2,5,1.0,1.0,1.0,,,,Noel Fielding,M
742,668,142,22,Noel Fielding,1.0,1.0,2,5,1.0,1.0,1.0,,,,Noel Fielding,M
743,669,143,18,Hugh Dennis,4.0,,4,2,4.0,4.0,4.0,,,,Hugh Dennis,M
744,670,143,19,Joe Lycett,3.0,,3,3,3.0,3.0,3.0,,,,Joe Lycett,M
745,671,143,20,Lolly Adefope,1.0,,1,5,1.0,1.0,1.0,,,,Lolly Adefope,F
746,672,143,21,Mel Giedroyc,2.0,,2,4,2.0,2.0,2.0,,,,Mel Giedroyc,F
747,673,143,22,Noel Fielding,5.0,,5,1,5.0,5.0,5.0,,,,Noel Fielding,M
748,673,143,22,Noel Fielding,5.0,,5,1,5.0,5.0,5.0,,,,Noel Fielding,M
749,674,144,18,Hugh Dennis,2.0,,2,4,2.0,2.0,2.0,,,,Hugh Dennis,M
750,675,144,19,Joe Lycett,3.0,,3,3,3.0,3.0,3.0,,,,Joe Lycett,M
751,676,144,20,Lolly Adefope,1.0,,1,5,1.0,1.0,1.0,,,,Lolly Adefope,F
752,677,144,21,Mel Giedroyc,5.0,,5,1,5.0,5.0,5.0,,,,Mel Giedroyc,F
753,678,144,22,Noel Fielding,4.0,,4,2,4.0,4.0,4.0,,,,Noel Fielding,M
754,678,144,22,Noel Fielding,4.0,,4,2,4.0,4.0,4.0,,,,Noel Fielding,M
755,679,145,18,Hugh Dennis,0.0,,0,,,,,,,,Hugh Dennis,M
756,680,145,19,Joe Lycett,0.0,,0,,,,,,,,Joe Lycett,M
757,681,145,20,Lolly Adefope,0.0,,0,,,,,,,,Lolly Adefope,F
758,682,145,21,Mel Giedroyc,5.0,,5,1,5.0,5.0,5.0,,,,Mel Giedroyc,F
759,683,145,22,Noel Fielding,0.0,1.0,1,,,,,,,,Noel Fielding,M
760,683,145,22,Noel Fielding,0.0,1.0,1,,,,,,,,Noel Fielding,M
761,684,146,23,Aisling Bea,3.0,,3,3,3.0,3.0,3.0,,,,Aisling Bea,F
762,685,146,24,Bob Mortimer,2.0,,2,4,2.0,2.0,2.0,,,,Bob Mortimer,M
763,685,146,24,Bob Mortimer,2.0,,2,4,2.0,2.0,2.0,,,,Bob Mortimer,M
764,686,146,25,Mark Watson,5.0,,5,1,5.0,5.0,5.0,,,,Mark Watson,M
765,687,146,26,Nish Kumar,1.0,,1,5,1.0,1.0,1.0,,,,Nish Kumar,M
766,688,146,27,Sally Phillips,4.0,,4,2,4.0,4.0,4.0,,,,Sally Phillips,F
767,689,147,23,Aisling Bea,3.0,,3,3,3.0,3.0,2.81,,,,Aisling Bea,F
768,690,147,24,Bob Mortimer,5.0,,5,1,5.0,5.0,4.69,,,,Bob Mortimer,M
769,690,147,24,Bob Mortimer,5.0,,5,1,5.0,5.0,4.69,,,,Bob Mortimer,M
770,691,147,25,Mark Watson,2.0,,2,4=,2.0,1.5,1.88,,,,Mark Watson,M
771,692,147,26,Nish Kumar,2.0,,2,4=,2.0,1.5,1.88,,,,Nish Kumar,M
772,693,147,27,Sally Phillips,4.0,,4,2,4.0,4.0,3.75,,,,Sally Phillips,F
773,694,148,23,Aisling Bea,3.0,,3,3,3.0,3.0,3.0,,,,Aisling Bea,F
774,695,148,24,Bob Mortimer,2.0,,2,4,2.0,2.0,2.0,,,,Bob Mortimer,M
775,695,148,24,Bob Mortimer,2.0,,2,4,2.0,2.0,2.0,,,,Bob Mortimer,M
776,696,148,25,Mark Watson,1.0,,1,5,1.0,1.0,1.0,,,,Mark Watson,M
777,697,148,26,Nish Kumar,5.0,,5,1,5.0,5.0,5.0,,,,Nish Kumar,M
778,698,148,27,Sally Phillips,4.0,,4,2,4.0,4.0,4.0,,,,Sally Phillips,F
779,699,149,23,Aisling Bea,3.0,,3,3,3.0,3.0,3.0,,,,Aisling Bea,F
780,700,149,24,Bob Mortimer,5.0,,5,1,5.0,5.0,5.0,,,,Bob Mortimer,M
781,700,149,24,Bob Mortimer,5.0,,5,1,5.0,5.0,5.0,,,,Bob Mortimer,M
782,701,149,25,Mark Watson,4.0,,4,2,4.0,4.0,4.0,,,,Mark Watson,M
783,702,149,26,Nish Kumar,2.0,,2,4,2.0,2.0,2.0,,,,Nish Kumar,M
784,703,149,27,Sally Phillips,,,0,,,,,,,,Sally Phillips,F
785,704,150,23,Aisling Bea,1.0,,1,5,1.0,1.0,1.0,,,,Aisling Bea,F
786,705,150,24,Bob Mortimer,4.0,,4,2,4.0,4.0,4.0,,,,Bob Mortimer,M
787,705,150,24,Bob Mortimer,4.0,,4,2,4.0,4.0,4.0,,,,Bob Mortimer,M
788,706,150,25,Mark Watson,5.0,,5,1,5.0,5.0,5.0,,,,Mark Watson,M
789,707,150,26,Nish Kumar,3.0,,3,3,3.0,3.0,3.0,,,,Nish Kumar,M
790,708,150,27,Sally Phillips,2.0,,2,4,2.0,2.0,2.0,,,,Sally Phillips,F
791,709,151,23,Aisling Bea,3.0,,3,3,3.0,3.0,3.0,,,,Aisling Bea,F
792,710,151,24,Bob Mortimer,4.0,,4,2,4.0,4.0,4.0,,,,Bob Mortimer,M
793,710,151,24,Bob Mortimer,4.0,,4,2,4.0,4.0,4.0,,,,Bob Mortimer,M
794,711,151,25,Mark Watson,2.0,,2,4,2.0,2.0,2.0,,,,Mark Watson,M
795,712,151,26,Nish Kumar,1.0,,1,5,1.0,1.0,1.0,,,,Nish Kumar,M
796,713,151,27,Sally Phillips,5.0,,5,1,5.0,5.0,5.0,,,,Sally Phillips,F
797,714,152,23,Aisling Bea,2.0,,2,4=,2.0,1.5,1.88,,,,Aisling Bea,F
798,715,152,24,Bob Mortimer,5.0,,5,1,5.0,5.0,4.69,,,,Bob Mortimer,M
799,715,152,24,Bob Mortimer,5.0,,5,1,5.0,5.0,4.69,,,,Bob Mortimer,M
800,716,152,25,Mark Watson,2.0,,2,4=,2.0,1.5,1.88,,,,Mark Watson,M
801,717,152,26,Nish Kumar,3.0,,3,3,3.0,3.0,2.81,,,,Nish Kumar,M
802,718,152,27,Sally Phillips,4.0,,4,2,4.0,4.0,3.75,,,,Sally Phillips,F
803,719,153,23,Aisling Bea,5.0,,5,1,5.0,5.0,5.0,,,,Aisling Bea,F
804,720,153,24,Bob Mortimer,1.0,,1,5,1.0,1.0,1.0,,,,Bob Mortimer,M
805,720,153,24,Bob Mortimer,1.0,,1,5,1.0,1.0,1.0,,,,Bob Mortimer,M
806,721,153,25,Mark Watson,3.0,,3,3,3.0,3.0,3.0,,,,Mark Watson,M
807,722,153,26,Nish Kumar,2.0,,2,4,2.0,2.0,2.0,,,,Nish Kumar,M
808,723,153,27,Sally Phillips,4.0,,4,2,4.0,4.0,4.0,,,,Sally Phillips,F
809,724,154,23,Aisling Bea,,,0,,,,,,,,Aisling Bea,F
810,725,154,24,Bob Mortimer,,,0,,,,,,,,Bob Mortimer,M
811,725,154,24,Bob Mortimer,,,0,,,,,,,,Bob Mortimer,M
812,726,154,25,Mark Watson,4.0,,4,2,4.0,4.0,4.0,,,,Mark Watson,M
813,727,154,26,Nish Kumar,5.0,,5,1,5.0,5.0,5.0,,,,Nish Kumar,M
814,728,154,27,Sally Phillips,,,0,,,,,,,,Sally Phillips,F
815,729,155,23,Aisling Bea,2.0,,2,2=,,,2.5,3.0,2.0,2.5,Aisling Bea,F
816,730,155,24,Bob Mortimer,2.0,,2,2=,,,2.5,3.0,2.0,2.5,Bob Mortimer,M
817,730,155,24,Bob Mortimer,2.0,,2,2=,,,2.5,3.0,2.0,2.5,Bob Mortimer,M
818,731,155,25,Mark Watson,3.0,,3,1=,,,3.75,5.0,3.0,3.5,Mark Watson,M
819,732,155,26,Nish Kumar,3.0,,3,1=,,,3.75,5.0,3.0,3.5,Nish Kumar,M
820,733,155,27,Sally Phillips,2.0,,2,2=,,,2.5,3.0,2.0,2.5,Sally Phillips,F
821,734,156,23,Aisling Bea,5.0,,5,1=,5.0,3.5,3.12,,,,Aisling Bea,F
822,735,156,24,Bob Mortimer,4.0,,4,5,1.0,1.0,2.5,,,,Bob Mortimer,M
823,735,156,24,Bob Mortimer,4.0,,4,5,1.0,1.0,2.5,,,,Bob Mortimer,M
824,736,156,25,Mark Watson,5.0,,5,1=,5.0,3.5,3.12,,,,Mark Watson,M
825,737,156,26,Nish Kumar,5.0,,5,1=,5.0,3.5,3.12,,,,Nish Kumar,M
826,738,156,27,Sally Phillips,5.0,,5,1=,5.0,3.5,3.12,,,,Sally Phillips,F
827,739,157,23,Aisling Bea,3.0,,3,3,3.0,3.0,3.0,,,,Aisling Bea,F
828,740,157,24,Bob Mortimer,5.0,,5,1,5.0,5.0,5.0,,,,Bob Mortimer,M
829,740,157,24,Bob Mortimer,5.0,,5,1,5.0,5.0,5.0,,,,Bob Mortimer,M
830,741,157,25,Mark Watson,2.0,,2,4,2.0,2.0,2.0,,,,Mark Watson,M
831,742,157,26,Nish Kumar,1.0,,1,5,1.0,1.0,1.0,,,,Nish Kumar,M
832,743,157,27,Sally Phillips,4.0,,4,2,4.0,4.0,4.0,,,,Sally Phillips,F
833,744,158,23,Aisling Bea,,,0,,,,,,,,Aisling Bea,F
834,745,158,24,Bob Mortimer,5.0,,5,1,5.0,5.0,5.0,,,,Bob Mortimer,M
835,745,158,24,Bob Mortimer,5.0,,5,1,5.0,5.0,5.0,,,,Bob Mortimer,M
836,746,158,25,Mark Watson,3.0,,3,3,3.0,3.0,3.0,,,,Mark Watson,M
837,747,158,26,Nish Kumar,2.0,,2,4,2.0,2.0,2.0,,,,Nish Kumar,M
838,748,158,27,Sally Phillips,4.0,,4,2,4.0,4.0,4.0,,,,Sally Phillips,F
839,749,159,23,Aisling Bea,3.0,,3,3,3.0,3.0,3.0,,,,Aisling Bea,F
840,750,159,24,Bob Mortimer,1.0,,1,5,1.0,1.0,1.0,,,,Bob Mortimer,M
841,750,159,24,Bob Mortimer,1.0,,1,5,1.0,1.0,1.0,,,,Bob Mortimer,M
842,751,159,25,Mark Watson,4.0,,4,2,4.0,4.0,4.0,,,,Mark Watson,M
843,752,159,26,Nish Kumar,5.0,,5,1,5.0,5.0,5.0,,,,Nish Kumar,M
844,753,159,27,Sally Phillips,2.0,,2,4,2.0,2.0,2.0,,,,Sally Phillips,F
845,754,160,23,Aisling Bea,2.0,,2,4,2.0,2.0,2.0,,,,Aisling Bea,F
846,755,160,24,Bob Mortimer,4.0,,4,2,4.0,4.0,4.0,,,,Bob Mortimer,M
847,755,160,24,Bob Mortimer,4.0,,4,2,4.0,4.0,4.0,,,,Bob Mortimer,M
848,756,160,25,Mark Watson,3.0,,3,3,3.0,3.0,3.0,,,,Mark Watson,M
849,757,160,26,Nish Kumar,0.0,,0,,,,,,,,Nish Kumar,M
850,758,160,27,Sally Phillips,5.0,,5,1,5.0,5.0,5.0,,,,Sally Phillips,F
851,759,161,23,Aisling Bea,5.0,,5,1,5.0,5.0,5.0,,,,Aisling Bea,F
852,760,161,24,Bob Mortimer,2.0,,2,4,2.0,2.0,2.0,,,,Bob Mortimer,M
853,760,161,24,Bob Mortimer,2.0,,2,4,2.0,2.0,2.0,,,,Bob Mortimer,M
854,761,161,25,Mark Watson,3.0,,3,3,3.0,3.0,3.0,,,,Mark Watson,M
855,762,161,26,Nish Kumar,4.0,,4,2,4.0,4.0,4.0,,,,Nish Kumar,M
856,763,161,27,Sally Phillips,1.0,,1,5,1.0,1.0,1.0,,,,Sally Phillips,F
857,764,162,23,Aisling Bea,5.0,,5,1,5.0,5.0,5.0,,,,Aisling Bea,F
858,765,162,24,Bob Mortimer,1.0,,1,5,1.0,1.0,1.0,,,,Bob Mortimer,M
859,765,162,24,Bob Mortimer,1.0,,1,5,1.0,1.0,1.0,,,,Bob Mortimer,M
860,766,162,25,Mark Watson,2.0,,2,4,2.0,2.0,2.0,,,,Mark Watson,M
861,767,162,26,Nish Kumar,4.0,,4,2,4.0,4.0,4.0,,,,Nish Kumar,M
862,768,162,27,Sally Phillips,3.0,,3,3,3.0,3.0,3.0,,,,Sally Phillips,F
863,769,163,23,Aisling Bea,3.0,,3,3,3.0,3.0,3.0,,,,Aisling Bea,F
864,770,163,24,Bob Mortimer,5.0,,5,1,5.0,5.0,5.0,,,,Bob Mortimer,M
865,770,163,24,Bob Mortimer,5.0,,5,1,5.0,5.0,5.0,,,,Bob Mortimer,M
866,771,163,25,Mark Watson,4.0,,4,2,4.0,4.0,4.0,,,,Mark Watson,M
867,772,163,26,Nish Kumar,,,0,,,,,,,,Nish Kumar,M
868,773,163,27,Sally Phillips,2.0,,2,4,2.0,2.0,2.0,,,,Sally Phillips,F
869,774,164,23,Aisling Bea,3.0,,3,1=,,,3.46,5.0,3.0,3.5,Aisling Bea,F
870,775,164,24,Bob Mortimer,3.0,,3,1=,,,3.46,5.0,3.0,3.5,Bob Mortimer,M
871,775,164,24,Bob Mortimer,3.0,,3,1=,,,3.46,5.0,3.0,3.5,Bob Mortimer,M
872,776,164,25,Mark Watson,2.0,,2,2=,,,2.31,3.0,2.0,2.5,Mark Watson,M
873,777,164,26,Nish Kumar,2.0,,2,2=,,,2.31,3.0,2.0,2.5,Nish Kumar,M
874,778,164,27,Sally Phillips,3.0,,3,1=,,,3.46,5.0,3.0,3.5,Sally Phillips,F
875,779,165,23,Aisling Bea,3.0,,3,3,3.0,3.0,3.0,,,,Aisling Bea,F
876,780,165,24,Bob Mortimer,4.0,,4,2,4.0,4.0,4.0,,,,Bob Mortimer,M
877,780,165,24,Bob Mortimer,4.0,,4,2,4.0,4.0,4.0,,,,Bob Mortimer,M
878,781,165,25,Mark Watson,5.0,,5,1,5.0,5.0,5.0,,,,Mark Watson,M
879,782,165,26,Nish Kumar,1.0,,1,5,1.0,1.0,1.0,,,,Nish Kumar,M
880,783,165,27,Sally Phillips,2.0,,2,4,2.0,2.0,2.0,,,,Sally Phillips,F
881,784,166,23,Aisling Bea,5.0,,5,1,5.0,5.0,5.0,,,,Aisling Bea,F
882,785,166,24,Bob Mortimer,2.0,,2,4=,2.0,1.5,2.0,,,,Bob Mortimer,M
883,785,166,24,Bob Mortimer,2.0,,2,4=,2.0,1.5,2.0,,,,Bob Mortimer,M
884,786,166,25,Mark Watson,3.0,,3,2=,4.0,3.5,3.0,,,,Mark Watson,M
885,787,166,26,Nish Kumar,3.0,,3,2=,4.0,3.5,3.0,,,,Nish Kumar,M
886,788,166,27,Sally Phillips,2.0,,2,4=,2.0,1.5,2.0,,,,Sally Phillips,F
887,789,167,23,Aisling Bea,,,0,,,,,,,,Aisling Bea,F
888,790,167,24,Bob Mortimer,5.0,,5,1,5.0,5.0,5.0,,,,Bob Mortimer,M
889,790,167,24,Bob Mortimer,5.0,,5,1,5.0,5.0,5.0,,,,Bob Mortimer,M
890,791,167,25,Mark Watson,4.0,,4,2,4.0,4.0,4.0,,,,Mark Watson,M
891,792,167,26,Nish Kumar,0.0,,0,,,,,,,,Nish Kumar,M
892,793,167,27,Sally Phillips,,,0,,,,,,,,Sally Phillips,F
893,794,168,23,Aisling Bea,5.0,,5,1,5.0,5.0,5.0,,,,Aisling Bea,F
894,795,168,24,Bob Mortimer,1.0,,1,5,1.0,1.0,1.0,,,,Bob Mortimer,M
895,795,168,24,Bob Mortimer,1.0,,1,5,1.0,1.0,1.0,,,,Bob Mortimer,M
896,796,168,25,Mark Watson,4.0,,4,2,4.0,4.0,4.0,,,,Mark Watson,M
897,797,168,26,Nish Kumar,2.0,,2,4,2.0,2.0,2.0,,,,Nish Kumar,M
898,798,168,27,Sally Phillips,3.0,,3,3,3.0,3.0,3.0,,,,Sally Phillips,F
899,799,169,23,Aisling Bea,0.0,,0,,,,,,,,Aisling Bea,F
900,800,169,25,Mark Watson,0.0,,0,,,,,,,,Mark Watson,M
901,801,170,23,Aisling Bea,3.0,,3,3,3.0,3.0,3.0,,,,Aisling Bea,F
902,802,170,24,Bob Mortimer,4.0,,4,2,4.0,4.0,4.0,,,,Bob Mortimer,M
903,802,170,24,Bob Mortimer,4.0,,4,2,4.0,4.0,4.0,,,,Bob Mortimer,M
904,803,170,25,Mark Watson,1.0,,1,5,1.0,1.0,1.0,,,,Mark Watson,M
905,804,170,26,Nish Kumar,2.0,,2,4,2.0,2.0,2.0,,,,Nish Kumar,M
906,805,170,27,Sally Phillips,5.0,,5,1,5.0,5.0,5.0,,,,Sally Phillips,F
907,806,171,23,Aisling Bea,5.0,,5,1,5.0,5.0,5.0,,,,Aisling Bea,F
908,807,171,24,Bob Mortimer,0.0,,0,,,,,,,,Bob Mortimer,M
909,807,171,24,Bob Mortimer,0.0,,0,,,,,,,,Bob Mortimer,M
910,808,171,25,Mark Watson,4.0,,4,2,4.0,4.0,4.0,,,,Mark Watson,M
911,809,171,26,Nish Kumar,0.0,,0,,,,,,,,Nish Kumar,M
912,810,171,27,Sally Phillips,0.0,,0,,,,,,,,Sally Phillips,F
913,811,172,23,Aisling Bea,2.0,,2,4,2.0,2.0,2.0,,,,Aisling Bea,F
914,812,172,24,Bob Mortimer,3.0,,3,3,3.0,3.0,3.0,,,,Bob Mortimer,M
915,812,172,24,Bob Mortimer,3.0,,3,3,3.0,3.0,3.0,,,,Bob Mortimer,M
916,813,172,25,Mark Watson,1.0,,1,5,1.0,1.0,1.0,,,,Mark Watson,M
917,814,172,26,Nish Kumar,4.0,,4,2,4.0,4.0,4.0,,,,Nish Kumar,M
918,815,172,27,Sally Phillips,5.0,,5,1,5.0,5.0,5.0,,,,Sally Phillips,F
919,816,173,25,Mark Watson,,,0,,,,,,,,Mark Watson,M
920,817,174,23,Aisling Bea,1.0,,1,5,1.0,1.0,0.938,,,,Aisling Bea,F
921,818,174,24,Bob Mortimer,5.0,,5,1=,5.0,4.5,4.69,,,,Bob Mortimer,M
922,818,174,24,Bob Mortimer,5.0,,5,1=,5.0,4.5,4.69,,,,Bob Mortimer,M
923,819,174,25,Mark Watson,5.0,,5,1=,5.0,4.5,4.69,,,,Mark Watson,M
924,820,174,26,Nish Kumar,3.0,,3,3,3.0,3.0,2.81,,,,Nish Kumar,M
925,821,174,27,Sally Phillips,2.0,,2,4,2.0,2.0,1.88,,,,Sally Phillips,F
926,822,175,23,Aisling Bea,4.0,,4,2=,4.0,3.5,3.53,,,,Aisling Bea,F
927,823,175,24,Bob Mortimer,2.0,,2,4=,2.0,1.5,1.76,,,,Bob Mortimer,M
928,823,175,24,Bob Mortimer,2.0,,2,4=,2.0,1.5,1.76,,,,Bob Mortimer,M
929,824,175,25,Mark Watson,5.0,,5,1,5.0,5.0,4.41,,,,Mark Watson,M
930,825,175,26,Nish Kumar,4.0,,4,2=,4.0,3.5,3.53,,,,Nish Kumar,M
931,826,175,27,Sally Phillips,2.0,,2,4=,2.0,1.5,1.76,,,,Sally Phillips,F
932,827,176,23,Aisling Bea,4.0,,4,2,4.0,4.0,4.0,,,,Aisling Bea,F
933,828,176,24,Bob Mortimer,5.0,,5,1,5.0,5.0,5.0,,,,Bob Mortimer,M
934,828,176,24,Bob Mortimer,5.0,,5,1,5.0,5.0,5.0,,,,Bob Mortimer,M
935,829,176,25,Mark Watson,1.0,,1,5,1.0,1.0,1.0,,,,Mark Watson,M
936,830,176,26,Nish Kumar,3.0,,3,3,3.0,3.0,3.0,,,,Nish Kumar,M
937,831,176,27,Sally Phillips,2.0,,2,4,2.0,2.0,2.0,,,,Sally Phillips,F
938,832,177,23,Aisling Bea,3.0,,3,3,3.0,3.0,3.0,,,,Aisling Bea,F
939,833,177,24,Bob Mortimer,2.0,,2,4,2.0,2.0,2.0,,,,Bob Mortimer,M
940,833,177,24,Bob Mortimer,2.0,,2,4,2.0,2.0,2.0,,,,Bob Mortimer,M
941,834,177,25,Mark Watson,1.0,,1,5,1.0,1.0,1.0,,,,Mark Watson,M
942,835,177,26,Nish Kumar,5.0,,5,1,5.0,5.0,5.0,,,,Nish Kumar,M
943,836,177,27,Sally Phillips,4.0,,4,2,4.0,4.0,4.0,,,,Sally Phillips,F
944,837,178,23,Aisling Bea,4.0,,4,2=,4.0,3.0,3.33,,,,Aisling Bea,F
945,838,178,24,Bob Mortimer,4.0,,4,2=,4.0,3.0,3.33,,,,Bob Mortimer,M
946,838,178,24,Bob Mortimer,4.0,,4,2=,4.0,3.0,3.33,,,,Bob Mortimer,M
947,839,178,25,Mark Watson,4.0,,4,2=,4.0,3.0,3.33,,,,Mark Watson,M
948,840,178,26,Nish Kumar,1.0,,1,5,1.0,1.0,0.833,,,,Nish Kumar,M
949,841,178,27,Sally Phillips,5.0,,5,1,5.0,5.0,4.17,,,,Sally Phillips,F
950,842,179,23,Aisling Bea,0.0,,0,,,,,,,,Aisling Bea,F
951,843,180,23,Aisling Bea,1.0,,1,5,1.0,1.0,1.0,,,,Aisling Bea,F
952,844,180,24,Bob Mortimer,5.0,,5,1,5.0,5.0,5.0,,,,Bob Mortimer,M
953,844,180,24,Bob Mortimer,5.0,,5,1,5.0,5.0,5.0,,,,Bob Mortimer,M
954,845,180,25,Mark Watson,4.0,,4,2,4.0,4.0,4.0,,,,Mark Watson,M
955,846,180,26,Nish Kumar,2.0,,2,4,2.0,2.0,2.0,,,,Nish Kumar,M
956,847,180,27,Sally Phillips,3.0,,3,3,3.0,3.0,3.0,,,,Sally Phillips,F
957,848,181,23,Aisling Bea,5.0,,5,1,5.0,5.0,5.0,,,,Aisling Bea,F
958,849,181,24,Bob Mortimer,2.0,,2,4,2.0,2.0,2.0,,,,Bob Mortimer,M
959,849,181,24,Bob Mortimer,2.0,,2,4,2.0,2.0,2.0,,,,Bob Mortimer,M
960,850,181,25,Mark Watson,3.0,,3,3,3.0,3.0,3.0,,,,Mark Watson,M
961,851,181,26,Nish Kumar,1.0,,1,5,1.0,1.0,1.0,,,,Nish Kumar,M
962,852,181,27,Sally Phillips,4.0,,4,2,4.0,4.0,4.0,,,,Sally Phillips,F
963,853,182,24,Bob Mortimer,0.0,,0,,,,,,,,Bob Mortimer,M
964,853,182,24,Bob Mortimer,0.0,,0,,,,,,,,Bob Mortimer,M
965,854,182,27,Sally Phillips,0.0,,0,,,,,,,,Sally Phillips,F
966,855,183,23,Aisling Bea,3.0,,3,3=,3.0,2.5,2.81,,,,Aisling Bea,F
967,856,183,24,Bob Mortimer,3.0,,3,3=,3.0,2.5,2.81,,,,Bob Mortimer,M
968,856,183,24,Bob Mortimer,3.0,,3,3=,3.0,2.5,2.81,,,,Bob Mortimer,M
969,857,183,25,Mark Watson,5.0,,5,1,5.0,5.0,4.69,,,,Mark Watson,M
970,858,183,26,Nish Kumar,1.0,,1,5,1.0,1.0,0.938,,,,Nish Kumar,M
971,859,183,27,Sally Phillips,4.0,,4,2,4.0,4.0,3.75,,,,Sally Phillips,F
972,860,184,23,Aisling Bea,4.0,,4,2,4.0,4.0,4.0,,,,Aisling Bea,F
973,861,184,24,Bob Mortimer,5.0,,5,1,5.0,5.0,5.0,,,,Bob Mortimer,M
974,861,184,24,Bob Mortimer,5.0,,5,1,5.0,5.0,5.0,,,,Bob Mortimer,M
975,862,184,25,Mark Watson,2.0,,2,4,2.0,2.0,2.0,,,,Mark Watson,M
976,863,184,26,Nish Kumar,1.0,,1,5,1.0,1.0,1.0,,,,Nish Kumar,M
977,864,184,27,Sally Phillips,3.0,,3,3,3.0,3.0,3.0,,,,Sally Phillips,F
978,865,185,23,Aisling Bea,5.0,,5,1,5.0,5.0,5.0,,,,Aisling Bea,F
979,866,185,24,Bob Mortimer,,,0,,,,,,,,Bob Mortimer,M
980,866,185,24,Bob Mortimer,,,0,,,,,,,,Bob Mortimer,M
981,867,185,25,Mark Watson,3.0,,3,3,3.0,3.0,3.0,,,,Mark Watson,M
982,868,185,26,Nish Kumar,4.0,,4,2,4.0,4.0,4.0,,,,Nish Kumar,M
983,869,185,27,Sally Phillips,,,0,,,,,,,,Sally Phillips,F
984,870,186,23,Aisling Bea,0.0,,0,,,,,,,,Aisling Bea,F
985,871,186,24,Bob Mortimer,0.0,,0,,,,,,,,Bob Mortimer,M
986,871,186,24,Bob Mortimer,0.0,,0,,,,,,,,Bob Mortimer,M
989,874,186,27,Sally Phillips,5.0,,5,1,5.0,5.0,5.0,,,,Sally Phillips,F
990,875,187,23,Aisling Bea,3.0,,3,3=,3.0,2.0,2.37,,,,Aisling Bea,F
991,876,187,24,Bob Mortimer,5.0,,5,1=,5.0,4.5,3.95,,,,Bob Mortimer,M
992,876,187,24,Bob Mortimer,5.0,,5,1=,5.0,4.5,3.95,,,,Bob Mortimer,M
993,877,187,25,Mark Watson,3.0,,3,3=,3.0,2.0,2.37,,,,Mark Watson,M
994,878,187,26,Nish Kumar,5.0,,5,1=,5.0,4.5,3.95,,,,Nish Kumar,M
995,879,187,27,Sally Phillips,3.0,,3,3=,3.0,2.0,2.37,,,,Sally Phillips,F
996,880,188,23,Aisling Bea,2.0,,2,4,2.0,2.0,2.0,,,,Aisling Bea,F
997,881,188,24,Bob Mortimer,5.0,,5,1,5.0,5.0,5.0,,,,Bob Mortimer,M
998,881,188,24,Bob Mortimer,5.0,,5,1,5.0,5.0,5.0,,,,Bob Mortimer,M
999,882,188,25,Mark Watson,4.0,,4,2,4.0,4.0,4.0,,,,Mark Watson,M
1000,883,188,26,Nish Kumar,3.0,,3,3,3.0,3.0,3.0,,,,Nish Kumar,M
1001,884,188,27,Sally Phillips,1.0,,1,5,1.0,1.0,1.0,,,,Sally Phillips,F
1002,885,189,23,Aisling Bea,2.0,,2,4,2.0,2.0,2.0,,,,Aisling Bea,F
1003,886,189,24,Bob Mortimer,1.0,,1,5,1.0,1.0,1.0,,,,Bob Mortimer,M
1004,886,189,24,Bob Mortimer,1.0,,1,5,1.0,1.0,1.0,,,,Bob Mortimer,M
1005,887,189,25,Mark Watson,5.0,,5,1,5.0,5.0,5.0,,,,Mark Watson,M
1006,888,189,26,Nish Kumar,4.0,,4,2,4.0,4.0,4.0,,,,Nish Kumar,M
1007,889,189,27,Sally Phillips,3.0,,3,3,3.0,3.0,3.0,,,,Sally Phillips,F
1008,890,190,23,Aisling Bea,3.0,,3,3,3.0,3.0,3.0,,,,Aisling Bea,F
1009,891,190,24,Bob Mortimer,4.0,,4,2,4.0,4.0,4.0,,,,Bob Mortimer,M
1010,891,190,24,Bob Mortimer,4.0,,4,2,4.0,4.0,4.0,,,,Bob Mortimer,M
1011,892,190,25,Mark Watson,,,0,,,,,,,,Mark Watson,M
1012,893,190,26,Nish Kumar,2.0,,2,4,2.0,2.0,2.0,,,,Nish Kumar,M
1013,894,190,27,Sally Phillips,5.0,,5,1,5.0,5.0,5.0,,,,Sally Phillips,F
1014,895,191,23,Aisling Bea,3.0,,3,3=,3.0,2.0,2.5,,,,Aisling Bea,F
1015,896,191,24,Bob Mortimer,4.0,,4,2,4.0,4.0,3.33,,,,Bob Mortimer,M
1016,896,191,24,Bob Mortimer,4.0,,4,2,4.0,4.0,3.33,,,,Bob Mortimer,M
1017,897,191,25,Mark Watson,3.0,,3,3=,3.0,2.0,2.5,,,,Mark Watson,M
1018,898,191,26,Nish Kumar,5.0,,5,1,5.0,5.0,4.17,,,,Nish Kumar,M
1019,899,191,27,Sally Phillips,3.0,,3,3=,3.0,2.0,2.5,,,,Sally Phillips,F
1020,900,192,1,Alex Horne,5.0,,5,,,,,,,,Alex Horne,M
1021,901,192,27,Sally Phillips,0.0,,0,,,,,,,,Sally Phillips,F
1022,902,193,23,Aisling Bea,2.0,,2,2=,,,2.5,3.0,2.0,2.5,Aisling Bea,F
1023,903,193,24,Bob Mortimer,2.0,,2,2=,,,2.5,3.0,2.0,2.5,Bob Mortimer,M
1024,903,193,24,Bob Mortimer,2.0,,2,2=,,,2.5,3.0,2.0,2.5,Bob Mortimer,M
1025,904,193,25,Mark Watson,3.0,,3,1=,,,3.75,5.0,3.0,3.5,Mark Watson,M
1026,905,193,26,Nish Kumar,3.0,,3,1=,,,3.75,5.0,3.0,3.5,Nish Kumar,M
1027,906,193,27,Sally Phillips,2.0,,2,2=,,,2.5,3.0,2.0,2.5,Sally Phillips,F
1028,907,194,23,Aisling Bea,0.0,,0,,,,,,,,Aisling Bea,F
1029,908,194,24,Bob Mortimer,5.0,,5,1,5.0,5.0,5.0,,,,Bob Mortimer,M
1030,908,194,24,Bob Mortimer,5.0,,5,1,5.0,5.0,5.0,,,,Bob Mortimer,M
1031,909,194,25,Mark Watson,0.0,,0,,,,,,,,Mark Watson,M
1032,910,194,26,Nish Kumar,0.0,,0,,,,,,,,Nish Kumar,M
1033,911,194,27,Sally Phillips,4.0,,4,2,4.0,4.0,4.0,,,,Sally Phillips,F
1034,912,195,28,Bob Mortimer,2.0,,2,4,2.0,2.0,2.0,,,,Bob Mortimer,M
1035,912,195,28,Bob Mortimer,2.0,,2,4,2.0,2.0,2.0,,,,Bob Mortimer,M
1036,913,195,29,Josh Widdicombe,5.0,,5,1,5.0,5.0,5.0,,,,Josh Widdicombe,M
1037,913,195,29,Josh Widdicombe,5.0,,5,1,5.0,5.0,5.0,,,,Josh Widdicombe,M
1038,914,195,30,Katherine Ryan,4.0,,4,2,4.0,4.0,4.0,,,,Katherine Ryan,F
1039,914,195,30,Katherine Ryan,4.0,,4,2,4.0,4.0,4.0,,,,Katherine Ryan,F
1040,915,195,31,Noel Fielding,1.0,,1,5,1.0,1.0,1.0,,,,Noel Fielding,M
1041,915,195,31,Noel Fielding,1.0,,1,5,1.0,1.0,1.0,,,,Noel Fielding,M
1042,916,195,32,Rob Beckett,3.0,,3,3,3.0,3.0,3.0,,,,Rob Beckett,M
1043,916,195,32,Rob Beckett,3.0,,3,3,3.0,3.0,3.0,,,,Rob Beckett,M
1044,917,196,28,Bob Mortimer,2.0,,2,4,2.0,2.0,2.0,,,,Bob Mortimer,M
1045,917,196,28,Bob Mortimer,2.0,,2,4,2.0,2.0,2.0,,,,Bob Mortimer,M
1046,918,196,29,Josh Widdicombe,1.0,,1,5,1.0,1.0,1.0,,,,Josh Widdicombe,M
1047,918,196,29,Josh Widdicombe,1.0,,1,5,1.0,1.0,1.0,,,,Josh Widdicombe,M
1048,919,196,30,Katherine Ryan,3.0,,3,3,3.0,3.0,3.0,,,,Katherine Ryan,F
1049,919,196,30,Katherine Ryan,3.0,,3,3,3.0,3.0,3.0,,,,Katherine Ryan,F
1050,920,196,31,Noel Fielding,5.0,,5,1,5.0,5.0,5.0,,,,Noel Fielding,M
1051,920,196,31,Noel Fielding,5.0,,5,1,5.0,5.0,5.0,,,,Noel Fielding,M
1052,921,196,32,Rob Beckett,4.0,,4,2,4.0,4.0,4.0,,,,Rob Beckett,M
1053,921,196,32,Rob Beckett,4.0,,4,2,4.0,4.0,4.0,,,,Rob Beckett,M
1054,922,197,28,Bob Mortimer,2.0,,2,4,2.0,2.0,1.88,,,,Bob Mortimer,M
1055,922,197,28,Bob Mortimer,2.0,,2,4,2.0,2.0,1.88,,,,Bob Mortimer,M
1056,923,197,29,Josh Widdicombe,4.0,,4,2=,4.0,3.5,3.75,,,,Josh Widdicombe,M
1057,923,197,29,Josh Widdicombe,4.0,,4,2=,4.0,3.5,3.75,,,,Josh Widdicombe,M
1058,924,197,30,Katherine Ryan,4.0,,4,2=,4.0,3.5,3.75,,,,Katherine Ryan,F
1059,924,197,30,Katherine Ryan,4.0,,4,2=,4.0,3.5,3.75,,,,Katherine Ryan,F
1060,925,197,31,Noel Fielding,1.0,,1,5,1.0,1.0,0.938,,,,Noel Fielding,M
1061,925,197,31,Noel Fielding,1.0,,1,5,1.0,1.0,0.938,,,,Noel Fielding,M
1062,926,197,32,Rob Beckett,5.0,,5,1,5.0,5.0,4.69,,,,Rob Beckett,M
1063,926,197,32,Rob Beckett,5.0,,5,1,5.0,5.0,4.69,,,,Rob Beckett,M
1064,927,198,28,Bob Mortimer,4.0,,4,3=,3.0,2.5,2.86,,,,Bob Mortimer,M
1065,927,198,28,Bob Mortimer,4.0,,4,3=,3.0,2.5,2.86,,,,Bob Mortimer,M
1066,928,198,29,Josh Widdicombe,5.0,,5,1=,5.0,4.5,3.57,,,,Josh Widdicombe,M
1067,928,198,29,Josh Widdicombe,5.0,,5,1=,5.0,4.5,3.57,,,,Josh Widdicombe,M
1068,929,198,30,Katherine Ryan,5.0,,5,1=,5.0,4.5,3.57,,,,Katherine Ryan,F
1069,929,198,30,Katherine Ryan,5.0,,5,1=,5.0,4.5,3.57,,,,Katherine Ryan,F
1070,930,198,31,Noel Fielding,4.0,,4,3=,3.0,2.5,2.86,,,,Noel Fielding,M
1071,930,198,31,Noel Fielding,4.0,,4,3=,3.0,2.5,2.86,,,,Noel Fielding,M
1072,931,198,32,Rob Beckett,3.0,,3,5,1.0,1.0,2.14,,,,Rob Beckett,M
1073,931,198,32,Rob Beckett,3.0,,3,5,1.0,1.0,2.14,,,,Rob Beckett,M
1074,932,199,28,Bob Mortimer,1.0,,1,5,1.0,1.0,0.833,,,,Bob Mortimer,M
1075,932,199,28,Bob Mortimer,1.0,,1,5,1.0,1.0,0.833,,,,Bob Mortimer,M
1076,933,199,29,Josh Widdicombe,4.0,,4,2=,4.0,3.0,3.33,,,,Josh Widdicombe,M
1077,933,199,29,Josh Widdicombe,4.0,,4,2=,4.0,3.0,3.33,,,,Josh Widdicombe,M
1078,934,199,30,Katherine Ryan,4.0,,4,2=,4.0,3.0,3.33,,,,Katherine Ryan,F
1079,934,199,30,Katherine Ryan,4.0,,4,2=,4.0,3.0,3.33,,,,Katherine Ryan,F
1080,935,199,31,Noel Fielding,5.0,,5,1,5.0,5.0,4.17,,,,Noel Fielding,M
1081,935,199,31,Noel Fielding,5.0,,5,1,5.0,5.0,4.17,,,,Noel Fielding,M
1082,936,199,32,Rob Beckett,4.0,,4,2=,4.0,3.0,3.33,,,,Rob Beckett,M
1083,936,199,32,Rob Beckett,4.0,,4,2=,4.0,3.0,3.33,,,,Rob Beckett,M
1084,937,200,29,Josh Widdicombe,0.0,,0,,,,,,,,Josh Widdicombe,M
1085,937,200,29,Josh Widdicombe,0.0,,0,,,,,,,,Josh Widdicombe,M
1086,938,201,28,Bob Mortimer,3.0,,3,3=,3.0,2.5,2.81,,,,Bob Mortimer,M
1087,938,201,28,Bob Mortimer,3.0,,3,3=,3.0,2.5,2.81,,,,Bob Mortimer,M
1088,939,201,29,Josh Widdicombe,3.0,,3,3=,3.0,2.5,2.81,,,,Josh Widdicombe,M
1089,939,201,29,Josh Widdicombe,3.0,,3,3=,3.0,2.5,2.81,,,,Josh Widdicombe,M
1090,940,201,30,Katherine Ryan,1.0,,1,5,1.0,1.0,0.938,,,,Katherine Ryan,F
1091,940,201,30,Katherine Ryan,1.0,,1,5,1.0,1.0,0.938,,,,Katherine Ryan,F
1092,941,201,31,Noel Fielding,4.0,,4,2,4.0,4.0,3.75,,,,Noel Fielding,M
1093,941,201,31,Noel Fielding,4.0,,4,2,4.0,4.0,3.75,,,,Noel Fielding,M
1094,942,201,32,Rob Beckett,5.0,,5,1,5.0,5.0,4.69,,,,Rob Beckett,M
1095,942,201,32,Rob Beckett,5.0,,5,1,5.0,5.0,4.69,,,,Rob Beckett,M
1096,943,202,28,Bob Mortimer,2.0,,2,4,2.0,2.0,2.0,,,,Bob Mortimer,M
1097,943,202,28,Bob Mortimer,2.0,,2,4,2.0,2.0,2.0,,,,Bob Mortimer,M
1098,944,202,29,Josh Widdicombe,4.0,,4,2,4.0,4.0,4.0,,,,Josh Widdicombe,M
1099,944,202,29,Josh Widdicombe,4.0,,4,2,4.0,4.0,4.0,,,,Josh Widdicombe,M
1100,945,202,30,Katherine Ryan,1.0,,1,5,1.0,1.0,1.0,,,,Katherine Ryan,F
1101,945,202,30,Katherine Ryan,1.0,,1,5,1.0,1.0,1.0,,,,Katherine Ryan,F
1102,946,202,31,Noel Fielding,5.0,,5,1,5.0,5.0,5.0,,,,Noel Fielding,M
1103,946,202,31,Noel Fielding,5.0,,5,1,5.0,5.0,5.0,,,,Noel Fielding,M
1104,947,202,32,Rob Beckett,3.0,,3,3,3.0,3.0,3.0,,,,Rob Beckett,M
1105,947,202,32,Rob Beckett,3.0,,3,3,3.0,3.0,3.0,,,,Rob Beckett,M
1106,948,203,28,Bob Mortimer,5.0,,5,1,5.0,5.0,4.69,,,,Bob Mortimer,M
1107,948,203,28,Bob Mortimer,5.0,,5,1,5.0,5.0,4.69,,,,Bob Mortimer,M
1108,949,203,29,Josh Widdicombe,4.0,,4,2,4.0,4.0,3.75,,,,Josh Widdicombe,M
1109,949,203,29,Josh Widdicombe,4.0,,4,2,4.0,4.0,3.75,,,,Josh Widdicombe,M
1110,950,203,30,Katherine Ryan,3.0,,3,3,3.0,3.0,2.81,,,,Katherine Ryan,F
1111,950,203,30,Katherine Ryan,3.0,,3,3,3.0,3.0,2.81,,,,Katherine Ryan,F
1112,951,203,31,Noel Fielding,2.0,,2,4=,2.0,1.5,1.88,,,,Noel Fielding,M
1113,951,203,31,Noel Fielding,2.0,,2,4=,2.0,1.5,1.88,,,,Noel Fielding,M
1114,952,203,32,Rob Beckett,2.0,,2,4=,2.0,1.5,1.88,,,,Rob Beckett,M
1115,952,203,32,Rob Beckett,2.0,,2,4=,2.0,1.5,1.88,,,,Rob Beckett,M
1116,953,204,28,Bob Mortimer,1.0,,1,5,1.0,1.0,0.882,,,,Bob Mortimer,M
1117,953,204,28,Bob Mortimer,1.0,,1,5,1.0,1.0,0.882,,,,Bob Mortimer,M
1118,954,204,29,Josh Widdicombe,3.0,,3,4,2.0,2.0,2.65,,,,Josh Widdicombe,M
1119,954,204,29,Josh Widdicombe,3.0,,3,4,2.0,2.0,2.65,,,,Josh Widdicombe,M
1120,955,204,30,Katherine Ryan,5.0,,5,1,5.0,5.0,4.41,,,,Katherine Ryan,F
1121,955,204,30,Katherine Ryan,5.0,,5,1,5.0,5.0,4.41,,,,Katherine Ryan,F
1122,956,204,31,Noel Fielding,4.0,,4,2=,4.0,3.5,3.53,,,,Noel Fielding,M
1123,956,204,31,Noel Fielding,4.0,,4,2=,4.0,3.5,3.53,,,,Noel Fielding,M
1124,957,204,32,Rob Beckett,4.0,,4,2=,4.0,3.5,3.53,,,,Rob Beckett,M
1125,957,204,32,Rob Beckett,4.0,,4,2=,4.0,3.5,3.53,,,,Rob Beckett,M
1126,958,205,28,Bob Mortimer,2.0,,2,4,2.0,2.0,2.0,,,,Bob Mortimer,M
1127,958,205,28,Bob Mortimer,2.0,,2,4,2.0,2.0,2.0,,,,Bob Mortimer,M
1128,959,205,29,Josh Widdicombe,4.0,,4,2,4.0,4.0,4.0,,,,Josh Widdicombe,M
1129,959,205,29,Josh Widdicombe,4.0,,4,2,4.0,4.0,4.0,,,,Josh Widdicombe,M
1130,960,205,30,Katherine Ryan,5.0,,5,1,5.0,5.0,5.0,,,,Katherine Ryan,F
1131,960,205,30,Katherine Ryan,5.0,,5,1,5.0,5.0,5.0,,,,Katherine Ryan,F
1132,961,205,31,Noel Fielding,1.0,,1,5,1.0,1.0,1.0,,,,Noel Fielding,M
1133,961,205,31,Noel Fielding,1.0,,1,5,1.0,1.0,1.0,,,,Noel Fielding,M
1134,962,205,32,Rob Beckett,3.0,,3,3,3.0,3.0,3.0,,,,Rob Beckett,M
1135,962,205,32,Rob Beckett,3.0,,3,3,3.0,3.0,3.0,,,,Rob Beckett,M
1136,963,206,33,Alice Levine,4.0,,4,2,4.0,4.0,4.0,,,,Alice Levine,F
1137,964,206,34,Asim Chaudhry,1.0,,1,4=,2.0,1.5,1.0,,,,Asim Chaudhry,M
1138,965,206,35,Liza Tarbuck,3.0,,3,3,3.0,3.0,3.0,,,,Liza Tarbuck,F
1139,965,206,35,Liza Tarbuck,3.0,,3,3,3.0,3.0,3.0,,,,Liza Tarbuck,F
1140,966,206,36,Russell Howard,1.0,,1,4=,2.0,1.5,1.0,,,,Russell Howard,M
1141,967,206,37,Tim Vine,5.0,,5,1,5.0,5.0,5.0,,,,Tim Vine,M
1142,968,207,33,Alice Levine,5.0,,5,1,5.0,5.0,5.0,,,,Alice Levine,F
1143,969,207,34,Asim Chaudhry,1.0,,1,5,1.0,1.0,1.0,,,,Asim Chaudhry,M
1144,970,207,35,Liza Tarbuck,3.0,,3,3,3.0,3.0,3.0,,,,Liza Tarbuck,F
1145,970,207,35,Liza Tarbuck,3.0,,3,3,3.0,3.0,3.0,,,,Liza Tarbuck,F
1146,971,207,36,Russell Howard,4.0,,4,2,4.0,4.0,4.0,,,,Russell Howard,M
1147,972,207,37,Tim Vine,2.0,,2,4,2.0,2.0,2.0,,,,Tim Vine,M
1148,973,208,33,Alice Levine,4.0,,4,2,4.0,4.0,4.0,,,,Alice Levine,F
1149,974,208,34,Asim Chaudhry,1.0,,1,5,1.0,1.0,1.0,,,,Asim Chaudhry,M
1150,975,208,35,Liza Tarbuck,3.0,,3,3,3.0,3.0,3.0,,,,Liza Tarbuck,F
1151,975,208,35,Liza Tarbuck,3.0,,3,3,3.0,3.0,3.0,,,,Liza Tarbuck,F
1152,976,208,36,Russell Howard,5.0,,5,1,5.0,5.0,5.0,,,,Russell Howard,M
1153,977,208,37,Tim Vine,2.0,,2,4,2.0,2.0,2.0,,,,Tim Vine,M
1154,978,209,33,Alice Levine,5.0,,5,1,5.0,5.0,5.0,,,,Alice Levine,F
1155,979,209,34,Asim Chaudhry,1.0,,1,5,1.0,1.0,1.0,,,,Asim Chaudhry,M
1156,980,209,35,Liza Tarbuck,3.0,,3,3,3.0,3.0,3.0,,,,Liza Tarbuck,F
1157,980,209,35,Liza Tarbuck,3.0,,3,3,3.0,3.0,3.0,,,,Liza Tarbuck,F
1158,981,209,36,Russell Howard,4.0,,4,2,4.0,4.0,4.0,,,,Russell Howard,M
1159,982,209,37,Tim Vine,2.0,,2,4,2.0,2.0,2.0,,,,Tim Vine,M
1160,983,210,33,Alice Levine,,,0,,,,,,,,Alice Levine,F
1161,984,210,34,Asim Chaudhry,4.0,,4,2=,4.0,3.5,4.0,,,,Asim Chaudhry,M
1162,985,210,35,Liza Tarbuck,5.0,,5,1,5.0,5.0,5.0,,,,Liza Tarbuck,F
1163,985,210,35,Liza Tarbuck,5.0,,5,1,5.0,5.0,5.0,,,,Liza Tarbuck,F
1164,986,210,36,Russell Howard,4.0,,4,2=,4.0,3.5,4.0,,,,Russell Howard,M
1165,987,210,37,Tim Vine,,,0,,,,,,,,Tim Vine,M
1166,988,211,33,Alice Levine,0.0,,0,,,,,,,,Alice Levine,F
1167,989,211,36,Russell Howard,0.0,,0,,,,,,,,Russell Howard,M
1168,990,212,33,Alice Levine,2.0,,2,3=,3.0,2.5,2.0,,,,Alice Levine,F
1169,991,212,34,Asim Chaudhry,1.0,,1,5,1.0,1.0,1.0,,,,Asim Chaudhry,M
1170,992,212,35,Liza Tarbuck,4.0,,4,2,4.0,4.0,4.0,,,,Liza Tarbuck,F
1171,992,212,35,Liza Tarbuck,4.0,,4,2,4.0,4.0,4.0,,,,Liza Tarbuck,F
1172,993,212,36,Russell Howard,2.0,,2,3=,3.0,2.5,2.0,,,,Russell Howard,M
1173,994,212,37,Tim Vine,5.0,,5,1,5.0,5.0,5.0,,,,Tim Vine,M
1174,995,213,33,Alice Levine,2.0,,2,4,2.0,2.0,2.0,,,,Alice Levine,F
1175,996,213,34,Asim Chaudhry,3.0,,3,3,3.0,3.0,3.0,,,,Asim Chaudhry,M
1176,997,213,35,Liza Tarbuck,5.0,,5,1,5.0,5.0,5.0,,,,Liza Tarbuck,F
1177,997,213,35,Liza Tarbuck,5.0,,5,1,5.0,5.0,5.0,,,,Liza Tarbuck,F
1178,998,213,36,Russell Howard,1.0,,1,5,1.0,1.0,1.0,,,,Russell Howard,M
1179,999,213,37,Tim Vine,4.0,,4,2,4.0,4.0,4.0,,,,Tim Vine,M
1180,1000,214,33,Alice Levine,4.0,,4,1=,,,5.0,5.0,3.0,3.5,Alice Levine,F
1181,1001,214,34,Asim Chaudhry,1.0,,1,2=,,,1.25,3.0,2.0,2.5,Asim Chaudhry,M
1182,1002,214,35,Liza Tarbuck,1.0,,1,2=,,,1.25,3.0,2.0,2.5,Liza Tarbuck,F
1183,1002,214,35,Liza Tarbuck,1.0,,1,2=,,,1.25,3.0,2.0,2.5,Liza Tarbuck,F
1184,1003,214,36,Russell Howard,4.0,,4,1=,,,5.0,5.0,3.0,3.5,Russell Howard,M
1185,1004,214,37,Tim Vine,1.0,,1,2=,,,1.25,3.0,2.0,2.5,Tim Vine,M
1186,1005,215,33,Alice Levine,2.0,,2,4,2.0,2.0,2.0,,,,Alice Levine,F
1187,1006,215,34,Asim Chaudhry,3.0,,3,3,3.0,3.0,3.0,,,,Asim Chaudhry,M
1188,1007,215,35,Liza Tarbuck,5.0,,5,1,5.0,5.0,5.0,,,,Liza Tarbuck,F
1189,1007,215,35,Liza Tarbuck,5.0,,5,1,5.0,5.0,5.0,,,,Liza Tarbuck,F
1190,1008,215,36,Russell Howard,4.0,,4,2,4.0,4.0,4.0,,,,Russell Howard,M
1191,1009,215,37,Tim Vine,1.0,,1,5,1.0,1.0,1.0,,,,Tim Vine,M
1192,1010,216,33,Alice Levine,3.0,,3,3=,3.0,2.0,2.5,,,,Alice Levine,F
1193,1011,216,34,Asim Chaudhry,5.0,,5,1,5.0,5.0,4.17,,,,Asim Chaudhry,M
1194,1012,216,35,Liza Tarbuck,4.0,,4,2,4.0,4.0,3.33,,,,Liza Tarbuck,F
1195,1012,216,35,Liza Tarbuck,4.0,,4,2,4.0,4.0,3.33,,,,Liza Tarbuck,F
1196,1013,216,36,Russell Howard,3.0,,3,3=,3.0,2.0,2.5,,,,Russell Howard,M
1197,1014,216,37,Tim Vine,3.0,,3,3=,3.0,2.0,2.5,,,,Tim Vine,M
1198,1015,217,33,Alice Levine,0.0,,0,,,,,,,,Alice Levine,F
1199,1016,217,34,Asim Chaudhry,0.0,,0,,,,,,,,Asim Chaudhry,M
1200,1017,217,35,Liza Tarbuck,0.0,,0,,,,,,,,Liza Tarbuck,F
1201,1017,217,35,Liza Tarbuck,0.0,,0,,,,,,,,Liza Tarbuck,F
1202,1018,217,36,Russell Howard,,,0,,,,,,,,Russell Howard,M
1203,1019,217,37,Tim Vine,0.0,,0,,,,,,,,Tim Vine,M
1204,1020,218,33,Alice Levine,1.0,,1,5,1.0,1.0,1.0,,,,Alice Levine,F
1205,1021,218,34,Asim Chaudhry,2.0,,2,4,2.0,2.0,2.0,,,,Asim Chaudhry,M
1206,1022,218,35,Liza Tarbuck,4.0,,4,2,4.0,4.0,4.0,,,,Liza Tarbuck,F
1207,1022,218,35,Liza Tarbuck,4.0,,4,2,4.0,4.0,4.0,,,,Liza Tarbuck,F
1208,1023,218,36,Russell Howard,3.0,,3,3,3.0,3.0,3.0,,,,Russell Howard,M
1209,1024,218,37,Tim Vine,5.0,,5,1,5.0,5.0,5.0,,,,Tim Vine,M
1210,1025,219,33,Alice Levine,1.0,,1,5,1.0,1.0,1.0,,,,Alice Levine,F
1211,1026,219,34,Asim Chaudhry,3.0,,3,2=,4.0,3.5,3.0,,,,Asim Chaudhry,M
1212,1027,219,35,Liza Tarbuck,5.0,,5,1,5.0,5.0,5.0,,,,Liza Tarbuck,F
1213,1027,219,35,Liza Tarbuck,5.0,,5,1,5.0,5.0,5.0,,,,Liza Tarbuck,F
1214,1028,219,36,Russell Howard,3.0,,3,2=,4.0,3.5,3.0,,,,Russell Howard,M
1215,1029,219,37,Tim Vine,2.0,,2,4,2.0,2.0,2.0,,,,Tim Vine,M
1216,1030,220,33,Alice Levine,1.0,,1,5,1.0,1.0,1.0,,,,Alice Levine,F
1217,1031,220,34,Asim Chaudhry,4.0,,4,2,4.0,4.0,4.0,,,,Asim Chaudhry,M
1218,1032,220,35,Liza Tarbuck,5.0,,5,1,5.0,5.0,5.0,,,,Liza Tarbuck,F
1219,1032,220,35,Liza Tarbuck,5.0,,5,1,5.0,5.0,5.0,,,,Liza Tarbuck,F
1220,1033,220,36,Russell Howard,2.0,,2,4,2.0,2.0,2.0,,,,Russell Howard,M
1221,1034,220,37,Tim Vine,3.0,,3,3,3.0,3.0,3.0,,,,Tim Vine,M
1222,1035,221,33,Alice Levine,2.0,,2,4,2.0,2.0,2.0,,,,Alice Levine,F
1224,1037,221,35,Liza Tarbuck,4.0,,4,2,4.0,4.0,4.0,,,,Liza Tarbuck,F
1225,1037,221,35,Liza Tarbuck,4.0,,4,2,4.0,4.0,4.0,,,,Liza Tarbuck,F
1226,1038,221,36,Russell Howard,3.0,,3,3,3.0,3.0,3.0,,,,Russell Howard,M
1227,1039,221,37,Tim Vine,1.0,,1,5,1.0,1.0,1.0,,,,Tim Vine,M
1228,1040,222,33,Alice Levine,1.0,,1,5,1.0,1.0,0.833,,,,Alice Levine,F
1229,1041,222,34,Asim Chaudhry,4.0,,4,2=,4.0,3.0,3.33,,,,Asim Chaudhry,M
1230,1042,222,35,Liza Tarbuck,4.0,,4,2=,4.0,3.0,3.33,,,,Liza Tarbuck,F
1231,1042,222,35,Liza Tarbuck,4.0,,4,2=,4.0,3.0,3.33,,,,Liza Tarbuck,F
1232,1043,222,36,Russell Howard,5.0,,5,1,5.0,5.0,4.17,,,,Russell Howard,M
1233,1044,222,37,Tim Vine,4.0,,4,2=,4.0,3.0,3.33,,,,Tim Vine,M
1234,1045,223,33,Alice Levine,3.0,,3,3,3.0,3.0,3.0,,,,Alice Levine,F
1235,1046,223,34,Asim Chaudhry,1.0,,1,5,1.0,1.0,1.0,,,,Asim Chaudhry,M
1236,1047,223,35,Liza Tarbuck,2.0,,2,4,2.0,2.0,2.0,,,,Liza Tarbuck,F
1237,1047,223,35,Liza Tarbuck,2.0,,2,4,2.0,2.0,2.0,,,,Liza Tarbuck,F
1238,1048,223,36,Russell Howard,5.0,,5,1,5.0,5.0,5.0,,,,Russell Howard,M
1239,1049,223,37,Tim Vine,4.0,,4,2,4.0,4.0,4.0,,,,Tim Vine,M
1240,1050,224,33,Alice Levine,4.0,,4,2=,4.0,2.5,2.86,,,,Alice Levine,F